filepath,label
Kather_texture_2016_image_tiles_5000/07_ADIPOSE/12D4C_CRC-Prim-HE-10_020.tif_Row_601_Col_151.tif,6
Kather_texture_2016_image_tiles_5000/07_ADIPOSE/17345_CRC-Prim-HE-06_004.tif_Row_2551_Col_901.tif,6
Kather_texture_2016_image_tiles_5000/07_ADIPOSE/12E85_CRC-Prim-HE-05_032.tif_Row_601_Col_301.tif,6
Kather_texture_2016_image_tiles_5000/08_EMPTY/140D1_CRC-Prim-HE-06_005.tif_Row_451_Col_3601.tif,7
Kather_texture_2016_image_tiles_5000/07_ADIPOSE/11E53_CRC-Prim-HE-07.tif_Row_901_Col_451.tif,6
Kather_texture_2016_image_tiles_5000/07_ADIPOSE/13910_CRC-Prim-HE-03_012.tif_Row_3151_Col_1351.tif,6
Kather_texture_2016_image_tiles_5000/07_ADIPOSE/11704_CRC-Prim-HE-03_012.tif_Row_1651_Col_451.tif,6
Kather_texture_2016_image_tiles_5000/08_EMPTY/10C2A_CRC-Prim-HE-06_005.tif_Row_6151_Col_3751.tif,7
Kather_texture_2016_image_tiles_5000/07_ADIPOSE/10B34_CRC-Prim-HE-03_012.tif_Row_301_Col_1501.tif,6
Kather_texture_2016_image_tiles_5000/07_ADIPOSE/1353B_CRC-Prim-HE-10_020.tif_Row_901_Col_2701.tif,6
Kather_texture_2016_image_tiles_5000/07_ADIPOSE/15F3_CRC-Prim-HE-06_004.tif_Row_2701_Col_1351.tif,6
Kather_texture_2016_image_tiles_5000/08_EMPTY/15278_CRC-Prim-HE-06_005.tif_Row_6301_Col_901.tif,7
Kather_texture_2016_image_tiles_5000/08_EMPTY/10895_CRC-Prim-HE-06_005.tif_Row_2401_Col_4501.tif,7
Kather_texture_2016_image_tiles_5000/07_ADIPOSE/14D69_CRC-Prim-HE-06_004.tif_Row_2101_Col_1351.tif,6
Kather_texture_2016_image_tiles_5000/08_EMPTY/1349D_CRC-Prim-HE-06_005.tif_Row_5701_Col_6901.tif,7
Kather_texture_2016_image_tiles_5000/08_EMPTY/10D6B_CRC-Prim-HE-06_005.tif_Row_6151_Col_1501.tif,7
Kather_texture_2016_image_tiles_5000/07_ADIPOSE/1174E_CRC-Prim-HE-03_012.tif_Row_901_Col_901.tif,6
Kather_texture_2016_image_tiles_5000/07_ADIPOSE/1255D_CRC-Prim-HE-05_032.tif_Row_1051_Col_4651.tif,6
Kather_texture_2016_image_tiles_5000/07_ADIPOSE/1277B_CRC-Prim-HE-05_032.tif_Row_1801_Col_601.tif,6
Kather_texture_2016_image_tiles_5000/07_ADIPOSE/143BD_CRC-Prim-HE-05_032.tif_Row_1051_Col_3451.tif,6
Kather_texture_2016_image_tiles_5000/08_EMPTY/140E1_CRC-Prim-HE-06_005.tif_Row_1201_Col_3451.tif,7
Kather_texture_2016_image_tiles_5000/08_EMPTY/14B63_CRC-Prim-HE-06_005.tif_Row_5851_Col_6001.tif,7
Kather_texture_2016_image_tiles_5000/08_EMPTY/13A11_CRC-Prim-HE-06_005.tif_Row_2101_Col_3151.tif,7
Kather_texture_2016_image_tiles_5000/08_EMPTY/12915_CRC-Prim-HE-06_005.tif_Row_1501_Col_1051.tif,7
Kather_texture_2016_image_tiles_5000/07_ADIPOSE/16830_CRC-Prim-HE-03_012.tif_Row_2851_Col_1051.tif,6
Kather_texture_2016_image_tiles_5000/08_EMPTY/1499F_CRC-Prim-HE-06_005.tif_Row_1201_Col_1501.tif,7
Kather_texture_2016_image_tiles_5000/07_ADIPOSE/1418A_CRC-Prim-HE-03_012.tif_Row_4201_Col_2401.tif,6
Kather_texture_2016_image_tiles_5000/07_ADIPOSE/15AD9_CRC-Prim-HE-10_020.tif_Row_1051_Col_1.tif,6
Kather_texture_2016_image_tiles_5000/08_EMPTY/10C87_CRC-Prim-HE-06_005.tif_Row_3451_Col_151.tif,7
Kather_texture_2016_image_tiles_5000/07_ADIPOSE/109C4_CRC-Prim-HE-05_032.tif_Row_1501_Col_3151.tif,6
Kather_texture_2016_image_tiles_5000/07_ADIPOSE/108C6_CRC-Prim-HE-06_004.tif_Row_1951_Col_1.tif,6
Kather_texture_2016_image_tiles_5000/08_EMPTY/14E1_CRC-Prim-HE-06_005.tif_Row_1051_Col_4351.tif,7
Kather_texture_2016_image_tiles_5000/07_ADIPOSE/16005_CRC-Prim-HE-06_004.tif_Row_151_Col_1351.tif,6
Kather_texture_2016_image_tiles_5000/07_ADIPOSE/1327E_CRC-Prim-HE-10_020.tif_Row_301_Col_301.tif,6
Kather_texture_2016_image_tiles_5000/07_ADIPOSE/12BFC_CRC-Prim-HE-03_012.tif_Row_1801_Col_1501.tif,6
Kather_texture_2016_image_tiles_5000/08_EMPTY/12901_CRC-Prim-HE-06_005.tif_Row_5101_Col_7351.tif,7
Kather_texture_2016_image_tiles_5000/08_EMPTY/13C7A_CRC-Prim-HE-06_005.tif_Row_5851_Col_5401.tif,7
Kather_texture_2016_image_tiles_5000/08_EMPTY/13A5B_CRC-Prim-HE-10_026.tif_Row_1651_Col_451.tif,7
Kather_texture_2016_image_tiles_5000/08_EMPTY/13267_CRC-Prim-HE-06_005.tif_Row_4201_Col_2551.tif,7
Kather_texture_2016_image_tiles_5000/08_EMPTY/14E30_CRC-Prim-HE-06_005.tif_Row_5101_Col_1201.tif,7
Kather_texture_2016_image_tiles_5000/08_EMPTY/10054_CRC-Prim-HE-06_005.tif_Row_3301_Col_5251.tif,7
Kather_texture_2016_image_tiles_5000/07_ADIPOSE/11781_CRC-Prim-HE-03_012.tif_Row_1_Col_751.tif,6
Kather_texture_2016_image_tiles_5000/08_EMPTY/15187_CRC-Prim-HE-06_005.tif_Row_6151_Col_3301.tif,7
Kather_texture_2016_image_tiles_5000/07_ADIPOSE/16272_CRC-Prim-HE-03_012.tif_Row_2251_Col_451.tif,6
Kather_texture_2016_image_tiles_5000/07_ADIPOSE/11F25_CRC-Prim-HE-04_036.tif_Row_1_Col_901.tif,6
Kather_texture_2016_image_tiles_5000/07_ADIPOSE/11152_CRC-Prim-HE-06_004.tif_Row_601_Col_1351.tif,6
Kather_texture_2016_image_tiles_5000/08_EMPTY/1191D_CRC-Prim-HE-06_005.tif_Row_4951_Col_4951.tif,7
Kather_texture_2016_image_tiles_5000/07_ADIPOSE/16492_CRC-Prim-HE-05_032.tif_Row_1201_Col_1501.tif,6
Kather_texture_2016_image_tiles_5000/08_EMPTY/15393_CRC-Prim-HE-06_005.tif_Row_6001_Col_2851.tif,7
Kather_texture_2016_image_tiles_5000/08_EMPTY/12A11_CRC-Prim-HE-06_005.tif_Row_451_Col_1651.tif,7
Kather_texture_2016_image_tiles_5000/07_ADIPOSE/1350B_CRC-Prim-HE-06_004.tif_Row_2101_Col_901.tif,6
Kather_texture_2016_image_tiles_5000/07_ADIPOSE/1085_CRC-Prim-HE-05_032.tif_Row_1501_Col_4051.tif,6
Kather_texture_2016_image_tiles_5000/07_ADIPOSE/16685_CRC-Prim-HE-03_012.tif_Row_451_Col_301.tif,6
Kather_texture_2016_image_tiles_5000/07_ADIPOSE/15A6B_CRC-Prim-HE-05_032.tif_Row_751_Col_3901.tif,6
Kather_texture_2016_image_tiles_5000/08_EMPTY/1534F_CRC-Prim-HE-06_005.tif_Row_3901_Col_6751.tif,7
Kather_texture_2016_image_tiles_5000/08_EMPTY/1137B_CRC-Prim-HE-06_005.tif_Row_1801_Col_2851.tif,7
Kather_texture_2016_image_tiles_5000/07_ADIPOSE/14CB7_CRC-Prim-HE-05_032.tif_Row_301_Col_3151.tif,6
Kather_texture_2016_image_tiles_5000/07_ADIPOSE/114DA_CRC-Prim-HE-03_012.tif_Row_1351_Col_1.tif,6
Kather_texture_2016_image_tiles_5000/07_ADIPOSE/15EB1_CRC-Prim-HE-05_032.tif_Row_901_Col_3451.tif,6
Kather_texture_2016_image_tiles_5000/07_ADIPOSE/10B4E_CRC-Prim-HE-05_032.tif_Row_901_Col_1051.tif,6
Kather_texture_2016_image_tiles_5000/08_EMPTY/12F62_CRC-Prim-HE-10_026.tif_Row_451_Col_601.tif,7
Kather_texture_2016_image_tiles_5000/08_EMPTY/11DDA_CRC-Prim-HE-06_005.tif_Row_3001_Col_4501.tif,7
Kather_texture_2016_image_tiles_5000/08_EMPTY/14DD3_CRC-Prim-HE-06_005.tif_Row_2101_Col_7501.tif,7
Kather_texture_2016_image_tiles_5000/07_ADIPOSE/138E7_CRC-Prim-HE-10_020.tif_Row_1_Col_1951.tif,6
Kather_texture_2016_image_tiles_5000/08_EMPTY/10F9C_CRC-Prim-HE-06_005.tif_Row_3601_Col_3001.tif,7
Kather_texture_2016_image_tiles_5000/07_ADIPOSE/16080_CRC-Prim-HE-03_012.tif_Row_2851_Col_1501.tif,6
Kather_texture_2016_image_tiles_5000/07_ADIPOSE/10498_CRC-Prim-HE-04_036.tif_Row_301_Col_1351.tif,6
Kather_texture_2016_image_tiles_5000/08_EMPTY/13F1C_CRC-Prim-HE-10_026.tif_Row_4951_Col_1.tif,7
Kather_texture_2016_image_tiles_5000/07_ADIPOSE/1430C_CRC-Prim-HE-03_012.tif_Row_3751_Col_1.tif,6
Kather_texture_2016_image_tiles_5000/07_ADIPOSE/12618_CRC-Prim-HE-03_012.tif_Row_4201_Col_2701.tif,6
Kather_texture_2016_image_tiles_5000/07_ADIPOSE/11DC9_CRC-Prim-HE-05_032.tif_Row_1_Col_2401.tif,6
Kather_texture_2016_image_tiles_5000/08_EMPTY/13A2C_CRC-Prim-HE-06_005.tif_Row_6001_Col_1801.tif,7
Kather_texture_2016_image_tiles_5000/07_ADIPOSE/10BAE_CRC-Prim-HE-04_036.tif_Row_301_Col_151.tif,6
Kather_texture_2016_image_tiles_5000/08_EMPTY/13C6D_CRC-Prim-HE-06_005.tif_Row_6151_Col_4951.tif,7
Kather_texture_2016_image_tiles_5000/08_EMPTY/1091D_CRC-Prim-HE-06_005.tif_Row_751_Col_1501.tif,7
Kather_texture_2016_image_tiles_5000/08_EMPTY/14046_CRC-Prim-HE-06_005.tif_Row_1351_Col_1501.tif,7
Kather_texture_2016_image_tiles_5000/08_EMPTY/103C7_CRC-Prim-HE-06_005.tif_Row_1351_Col_7651.tif,7
Kather_texture_2016_image_tiles_5000/08_EMPTY/11023_CRC-Prim-HE-06_005.tif_Row_1051_Col_151.tif,7
Kather_texture_2016_image_tiles_5000/08_EMPTY/12CA3_CRC-Prim-HE-06_005.tif_Row_3901_Col_3301.tif,7
Kather_texture_2016_image_tiles_5000/08_EMPTY/14BE5_CRC-Prim-HE-06_005.tif_Row_1951_Col_2251.tif,7
Kather_texture_2016_image_tiles_5000/08_EMPTY/14BB3_CRC-Prim-HE-06_005.tif_Row_1051_Col_6301.tif,7
Kather_texture_2016_image_tiles_5000/07_ADIPOSE/12DF5_CRC-Prim-HE-05_032.tif_Row_451_Col_5101.tif,6
Kather_texture_2016_image_tiles_5000/08_EMPTY/13B4F_CRC-Prim-HE-06_005.tif_Row_5101_Col_3001.tif,7
Kather_texture_2016_image_tiles_5000/07_ADIPOSE/17312_CRC-Prim-HE-03_012.tif_Row_901_Col_151.tif,6
Kather_texture_2016_image_tiles_5000/08_EMPTY/153DE_CRC-Prim-HE-06_005.tif_Row_3451_Col_1.tif,7
Kather_texture_2016_image_tiles_5000/08_EMPTY/157B3_CRC-Prim-HE-06_005.tif_Row_4351_Col_3751.tif,7
Kather_texture_2016_image_tiles_5000/07_ADIPOSE/153E8_CRC-Prim-HE-04_036.tif_Row_1051_Col_151.tif,6
Kather_texture_2016_image_tiles_5000/07_ADIPOSE/1592F_CRC-Prim-HE-03_012.tif_Row_3151_Col_301.tif,6
Kather_texture_2016_image_tiles_5000/08_EMPTY/133F2_CRC-Prim-HE-06_005.tif_Row_1051_Col_3601.tif,7
Kather_texture_2016_image_tiles_5000/08_EMPTY/12ED_CRC-Prim-HE-06_005.tif_Row_5101_Col_4351.tif,7
Kather_texture_2016_image_tiles_5000/08_EMPTY/11472_CRC-Prim-HE-06_005.tif_Row_1201_Col_7051.tif,7
Kather_texture_2016_image_tiles_5000/07_ADIPOSE/163B8_CRC-Prim-HE-03_012.tif_Row_301_Col_601.tif,6
Kather_texture_2016_image_tiles_5000/07_ADIPOSE/157AE_CRC-Prim-HE-06_004.tif_Row_1651_Col_1501.tif,6
Kather_texture_2016_image_tiles_5000/07_ADIPOSE/12C98_CRC-Prim-HE-06_004.tif_Row_2401_Col_1.tif,6
Kather_texture_2016_image_tiles_5000/07_ADIPOSE/12855_CRC-Prim-HE-05_032.tif_Row_1351_Col_1501.tif,6
Kather_texture_2016_image_tiles_5000/07_ADIPOSE/12899_CRC-Prim-HE-06_004.tif_Row_1951_Col_1951.tif,6
Kather_texture_2016_image_tiles_5000/07_ADIPOSE/113E7_CRC-Prim-HE-07.tif_Row_451_Col_3301.tif,6
Kather_texture_2016_image_tiles_5000/08_EMPTY/150D9_CRC-Prim-HE-06_005.tif_Row_6151_Col_6751.tif,7
Kather_texture_2016_image_tiles_5000/08_EMPTY/13B69_CRC-Prim-HE-06_005.tif_Row_1051_Col_7651.tif,7
Kather_texture_2016_image_tiles_5000/08_EMPTY/14496_CRC-Prim-HE-06_005.tif_Row_1501_Col_3751.tif,7
Kather_texture_2016_image_tiles_5000/08_EMPTY/140AC_CRC-Prim-HE-06_005.tif_Row_1201_Col_7351.tif,7
Kather_texture_2016_image_tiles_5000/08_EMPTY/10A7_CRC-Prim-HE-06_005.tif_Row_2251_Col_6451.tif,7
Kather_texture_2016_image_tiles_5000/07_ADIPOSE/11C96_CRC-Prim-HE-03_012.tif_Row_1351_Col_151.tif,6
Kather_texture_2016_image_tiles_5000/07_ADIPOSE/15457_CRC-Prim-HE-07.tif_Row_151_Col_1051.tif,6
Kather_texture_2016_image_tiles_5000/07_ADIPOSE/11CFA_CRC-Prim-HE-05_032.tif_Row_901_Col_4951.tif,6
Kather_texture_2016_image_tiles_5000/07_ADIPOSE/104E9_CRC-Prim-HE-05_032.tif_Row_1051_Col_4351.tif,6
Kather_texture_2016_image_tiles_5000/07_ADIPOSE/16F1E_CRC-Prim-HE-07.tif_Row_601_Col_1501.tif,6
Kather_texture_2016_image_tiles_5000/07_ADIPOSE/1378C_CRC-Prim-HE-03_012.tif_Row_2101_Col_601.tif,6
Kather_texture_2016_image_tiles_5000/08_EMPTY/1407_CRC-Prim-HE-06_005.tif_Row_601_Col_6601.tif,7
Kather_texture_2016_image_tiles_5000/07_ADIPOSE/113F4_CRC-Prim-HE-06_004.tif_Row_2251_Col_2551.tif,6
Kather_texture_2016_image_tiles_5000/07_ADIPOSE/15C83_CRC-Prim-HE-05_032.tif_Row_1351_Col_4651.tif,6
Kather_texture_2016_image_tiles_5000/07_ADIPOSE/16FD8_CRC-Prim-HE-04_036.tif_Row_601_Col_1351.tif,6
Kather_texture_2016_image_tiles_5000/08_EMPTY/1276A_CRC-Prim-HE-06_005.tif_Row_5701_Col_6451.tif,7
Kather_texture_2016_image_tiles_5000/08_EMPTY/1229_CRC-Prim-HE-06_005.tif_Row_6301_Col_1201.tif,7
Kather_texture_2016_image_tiles_5000/08_EMPTY/11FFC_CRC-Prim-HE-06_005.tif_Row_4651_Col_5101.tif,7
Kather_texture_2016_image_tiles_5000/07_ADIPOSE/120B9_CRC-Prim-HE-06_004.tif_Row_601_Col_1651.tif,6
Kather_texture_2016_image_tiles_5000/08_EMPTY/1478F_CRC-Prim-HE-06_005.tif_Row_5101_Col_6901.tif,7
Kather_texture_2016_image_tiles_5000/07_ADIPOSE/11979_CRC-Prim-HE-03_012.tif_Row_1501_Col_901.tif,6
Kather_texture_2016_image_tiles_5000/08_EMPTY/11D75_CRC-Prim-HE-06_005.tif_Row_1951_Col_4951.tif,7
Kather_texture_2016_image_tiles_5000/08_EMPTY/14711_CRC-Prim-HE-06_005.tif_Row_6451_Col_451.tif,7
Kather_texture_2016_image_tiles_5000/07_ADIPOSE/100F2_CRC-Prim-HE-03_012.tif_Row_1801_Col_1801.tif,6
Kather_texture_2016_image_tiles_5000/07_ADIPOSE/127CE_CRC-Prim-HE-03_012.tif_Row_4201_Col_1.tif,6
Kather_texture_2016_image_tiles_5000/08_EMPTY/1436C_CRC-Prim-HE-06_005.tif_Row_2551_Col_2101.tif,7
Kather_texture_2016_image_tiles_5000/08_EMPTY/13C41_CRC-Prim-HE-06_005.tif_Row_3901_Col_2251.tif,7
Kather_texture_2016_image_tiles_5000/07_ADIPOSE/12F9D_CRC-Prim-HE-03_012.tif_Row_3001_Col_451.tif,6
Kather_texture_2016_image_tiles_5000/07_ADIPOSE/13C9F_CRC-Prim-HE-03_012.tif_Row_1201_Col_1351.tif,6
Kather_texture_2016_image_tiles_5000/07_ADIPOSE/161A0_CRC-Prim-HE-06_004.tif_Row_2251_Col_1501.tif,6
Kather_texture_2016_image_tiles_5000/07_ADIPOSE/16A20_CRC-Prim-HE-05_032.tif_Row_151_Col_3901.tif,6
Kather_texture_2016_image_tiles_5000/07_ADIPOSE/11515_CRC-Prim-HE-03_012.tif_Row_3001_Col_1.tif,6
Kather_texture_2016_image_tiles_5000/07_ADIPOSE/10DF_CRC-Prim-HE-06_004.tif_Row_1801_Col_1201.tif,6
Kather_texture_2016_image_tiles_5000/08_EMPTY/10B24_CRC-Prim-HE-06_005.tif_Row_4351_Col_3451.tif,7
Kather_texture_2016_image_tiles_5000/08_EMPTY/148EA_CRC-Prim-HE-06_005.tif_Row_6151_Col_7951.tif,7
Kather_texture_2016_image_tiles_5000/07_ADIPOSE/13418_CRC-Prim-HE-07.tif_Row_151_Col_4201.tif,6
Kather_texture_2016_image_tiles_5000/07_ADIPOSE/126D3_CRC-Prim-HE-06_004.tif_Row_1801_Col_1351.tif,6
Kather_texture_2016_image_tiles_5000/08_EMPTY/10AA1_CRC-Prim-HE-06_005.tif_Row_2551_Col_1201.tif,7
Kather_texture_2016_image_tiles_5000/07_ADIPOSE/1522E_CRC-Prim-HE-07_035.tif_Row_151_Col_151.tif,6
Kather_texture_2016_image_tiles_5000/07_ADIPOSE/117B9_CRC-Prim-HE-03_012.tif_Row_4201_Col_2551.tif,6
Kather_texture_2016_image_tiles_5000/07_ADIPOSE/16E7E_CRC-Prim-HE-07.tif_Row_751_Col_1951.tif,6
Kather_texture_2016_image_tiles_5000/07_ADIPOSE/16DC3_CRC-Prim-HE-07.tif_Row_151_Col_2101.tif,6
Kather_texture_2016_image_tiles_5000/07_ADIPOSE/15CB4_CRC-Prim-HE-03_012.tif_Row_751_Col_1651.tif,6
Kather_texture_2016_image_tiles_5000/08_EMPTY/12EDA_CRC-Prim-HE-06_005.tif_Row_4801_Col_5701.tif,7
Kather_texture_2016_image_tiles_5000/08_EMPTY/14AD7_CRC-Prim-HE-06_005.tif_Row_3001_Col_3451.tif,7
Kather_texture_2016_image_tiles_5000/08_EMPTY/11FD4_CRC-Prim-HE-06_005.tif_Row_5851_Col_6901.tif,7
Kather_texture_2016_image_tiles_5000/08_EMPTY/155BD_CRC-Prim-HE-06_005.tif_Row_1201_Col_1951.tif,7
Kather_texture_2016_image_tiles_5000/07_ADIPOSE/16A19_CRC-Prim-HE-06_004.tif_Row_751_Col_1201.tif,6
Kather_texture_2016_image_tiles_5000/08_EMPTY/1459_CRC-Prim-HE-06_005.tif_Row_6451_Col_6901.tif,7
Kather_texture_2016_image_tiles_5000/07_ADIPOSE/16DA0_CRC-Prim-HE-07.tif_Row_901_Col_2401.tif,6
Kather_texture_2016_image_tiles_5000/07_ADIPOSE/16DEE_CRC-Prim-HE-05_032.tif_Row_1651_Col_4951.tif,6
Kather_texture_2016_image_tiles_5000/07_ADIPOSE/13135_CRC-Prim-HE-03_012.tif_Row_4201_Col_2251.tif,6
Kather_texture_2016_image_tiles_5000/07_ADIPOSE/10C64_CRC-Prim-HE-03_012.tif_Row_901_Col_2401.tif,6
Kather_texture_2016_image_tiles_5000/07_ADIPOSE/12668_CRC-Prim-HE-04_036.tif_Row_301_Col_451.tif,6
Kather_texture_2016_image_tiles_5000/08_EMPTY/1327F_CRC-Prim-HE-06_005.tif_Row_5851_Col_7201.tif,7
Kather_texture_2016_image_tiles_5000/07_ADIPOSE/10651_CRC-Prim-HE-03_012.tif_Row_1201_Col_1951.tif,6
Kather_texture_2016_image_tiles_5000/08_EMPTY/1170E_CRC-Prim-HE-06_005.tif_Row_2251_Col_7501.tif,7
Kather_texture_2016_image_tiles_5000/07_ADIPOSE/1395B_CRC-Prim-HE-05_032.tif_Row_1651_Col_901.tif,6
Kather_texture_2016_image_tiles_5000/08_EMPTY/11D15_CRC-Prim-HE-06_005.tif_Row_3601_Col_1351.tif,7
Kather_texture_2016_image_tiles_5000/08_EMPTY/141E_CRC-Prim-HE-06_005.tif_Row_4951_Col_6151.tif,7
Kather_texture_2016_image_tiles_5000/08_EMPTY/14999_CRC-Prim-HE-06_005.tif_Row_751_Col_7651.tif,7
Kather_texture_2016_image_tiles_5000/07_ADIPOSE/108E5_CRC-Prim-HE-05_032.tif_Row_451_Col_2401.tif,6
Kather_texture_2016_image_tiles_5000/07_ADIPOSE/15B10_CRC-Prim-HE-05_032.tif_Row_1_Col_3751.tif,6
Kather_texture_2016_image_tiles_5000/08_EMPTY/15462_CRC-Prim-HE-06_005.tif_Row_601_Col_2251.tif,7
Kather_texture_2016_image_tiles_5000/07_ADIPOSE/14A41_CRC-Prim-HE-03_012.tif_Row_1351_Col_1951.tif,6
Kather_texture_2016_image_tiles_5000/08_EMPTY/14E69_CRC-Prim-HE-06_005.tif_Row_3901_Col_4201.tif,7
Kather_texture_2016_image_tiles_5000/07_ADIPOSE/127AE_CRC-Prim-HE-03_012.tif_Row_2251_Col_901.tif,6
Kather_texture_2016_image_tiles_5000/08_EMPTY/14080_CRC-Prim-HE-06_005.tif_Row_2101_Col_1651.tif,7
Kather_texture_2016_image_tiles_5000/08_EMPTY/12645_CRC-Prim-HE-06_005.tif_Row_1501_Col_5551.tif,7
Kather_texture_2016_image_tiles_5000/08_EMPTY/15800_CRC-Prim-HE-06_005.tif_Row_1951_Col_2701.tif,7
Kather_texture_2016_image_tiles_5000/07_ADIPOSE/150B_CRC-Prim-HE-05_032.tif_Row_1801_Col_2101.tif,6
Kather_texture_2016_image_tiles_5000/08_EMPTY/12DDD_CRC-Prim-HE-06_005.tif_Row_1051_Col_1351.tif,7
Kather_texture_2016_image_tiles_5000/07_ADIPOSE/1262C_CRC-Prim-HE-03_012.tif_Row_2251_Col_301.tif,6
Kather_texture_2016_image_tiles_5000/08_EMPTY/130E5_CRC-Prim-HE-10_026.tif_Row_1801_Col_451.tif,7
Kather_texture_2016_image_tiles_5000/08_EMPTY/13A6E_CRC-Prim-HE-06_005.tif_Row_6301_Col_7801.tif,7
Kather_texture_2016_image_tiles_5000/08_EMPTY/133F6_CRC-Prim-HE-06_005.tif_Row_2251_Col_2251.tif,7
Kather_texture_2016_image_tiles_5000/07_ADIPOSE/13A66_CRC-Prim-HE-06_004.tif_Row_1951_Col_601.tif,6
Kather_texture_2016_image_tiles_5000/07_ADIPOSE/135C5_CRC-Prim-HE-07.tif_Row_151_Col_751.tif,6
Kather_texture_2016_image_tiles_5000/08_EMPTY/12E2A_CRC-Prim-HE-06_005.tif_Row_3601_Col_3301.tif,7
Kather_texture_2016_image_tiles_5000/08_EMPTY/1142F_CRC-Prim-HE-06_005.tif_Row_1801_Col_2251.tif,7
Kather_texture_2016_image_tiles_5000/07_ADIPOSE/12009_CRC-Prim-HE-07.tif_Row_751_Col_1051.tif,6
Kather_texture_2016_image_tiles_5000/07_ADIPOSE/171D6_CRC-Prim-HE-05_032.tif_Row_1801_Col_3601.tif,6
Kather_texture_2016_image_tiles_5000/07_ADIPOSE/14C07_CRC-Prim-HE-03_012.tif_Row_2101_Col_1051.tif,6
Kather_texture_2016_image_tiles_5000/07_ADIPOSE/1556_CRC-Prim-HE-05_032.tif_Row_1801_Col_4951.tif,6
Kather_texture_2016_image_tiles_5000/07_ADIPOSE/16BE_CRC-Prim-HE-07.tif_Row_751_Col_2251.tif,6
Kather_texture_2016_image_tiles_5000/07_ADIPOSE/123C6_CRC-Prim-HE-03_012.tif_Row_2401_Col_1201.tif,6
Kather_texture_2016_image_tiles_5000/08_EMPTY/1235A_CRC-Prim-HE-06_005.tif_Row_1_Col_6901.tif,7
Kather_texture_2016_image_tiles_5000/07_ADIPOSE/16310_CRC-Prim-HE-03_012.tif_Row_2101_Col_2551.tif,6
Kather_texture_2016_image_tiles_5000/08_EMPTY/14A54_CRC-Prim-HE-06_005.tif_Row_4951_Col_6751.tif,7
Kather_texture_2016_image_tiles_5000/08_EMPTY/15230_CRC-Prim-HE-06_005.tif_Row_1651_Col_3301.tif,7
Kather_texture_2016_image_tiles_5000/07_ADIPOSE/14818_CRC-Prim-HE-06_004.tif_Row_2701_Col_901.tif,6
Kather_texture_2016_image_tiles_5000/08_EMPTY/1426D_CRC-Prim-HE-06_005.tif_Row_5851_Col_3151.tif,7
Kather_texture_2016_image_tiles_5000/08_EMPTY/10E2_CRC-Prim-HE-06_005.tif_Row_3001_Col_751.tif,7
Kather_texture_2016_image_tiles_5000/08_EMPTY/106A2_CRC-Prim-HE-06_005.tif_Row_1201_Col_4201.tif,7
Kather_texture_2016_image_tiles_5000/07_ADIPOSE/126D0_CRC-Prim-HE-03_012.tif_Row_2551_Col_1651.tif,6
Kather_texture_2016_image_tiles_5000/08_EMPTY/11B0F_CRC-Prim-HE-06_005.tif_Row_4051_Col_4201.tif,7
Kather_texture_2016_image_tiles_5000/07_ADIPOSE/15A41_CRC-Prim-HE-03_012.tif_Row_1801_Col_1051.tif,6
Kather_texture_2016_image_tiles_5000/08_EMPTY/13633_CRC-Prim-HE-06_005.tif_Row_1_Col_8101.tif,7
Kather_texture_2016_image_tiles_5000/07_ADIPOSE/1483C_CRC-Prim-HE-03_012.tif_Row_2401_Col_751.tif,6
Kather_texture_2016_image_tiles_5000/08_EMPTY/10EFE_CRC-Prim-HE-06_005.tif_Row_2551_Col_1651.tif,7
Kather_texture_2016_image_tiles_5000/08_EMPTY/1059B_CRC-Prim-HE-06_005.tif_Row_3001_Col_5401.tif,7
Kather_texture_2016_image_tiles_5000/07_ADIPOSE/17076_CRC-Prim-HE-05_032.tif_Row_1801_Col_5101.tif,6
Kather_texture_2016_image_tiles_5000/08_EMPTY/15913_CRC-Prim-HE-06_005.tif_Row_2251_Col_3751.tif,7
Kather_texture_2016_image_tiles_5000/07_ADIPOSE/1577D_CRC-Prim-HE-05_032.tif_Row_451_Col_2101.tif,6
Kather_texture_2016_image_tiles_5000/08_EMPTY/134E9_CRC-Prim-HE-06_005.tif_Row_3151_Col_5401.tif,7
Kather_texture_2016_image_tiles_5000/08_EMPTY/1143E_CRC-Prim-HE-06_005.tif_Row_4651_Col_601.tif,7
Kather_texture_2016_image_tiles_5000/07_ADIPOSE/1135C_CRC-Prim-HE-10_020.tif_Row_751_Col_3001.tif,6
Kather_texture_2016_image_tiles_5000/07_ADIPOSE/16D8E_CRC-Prim-HE-05_032.tif_Row_1351_Col_2551.tif,6
Kather_texture_2016_image_tiles_5000/08_EMPTY/1072E_CRC-Prim-HE-06_005.tif_Row_1201_Col_3751.tif,7
Kather_texture_2016_image_tiles_5000/08_EMPTY/114C3_CRC-Prim-HE-06_005.tif_Row_1051_Col_7951.tif,7
Kather_texture_2016_image_tiles_5000/07_ADIPOSE/15687_CRC-Prim-HE-03_012.tif_Row_3151_Col_1501.tif,6
Kather_texture_2016_image_tiles_5000/07_ADIPOSE/1025D_CRC-Prim-HE-10_020.tif_Row_1_Col_601.tif,6
Kather_texture_2016_image_tiles_5000/07_ADIPOSE/141C4_CRC-Prim-HE-03_012.tif_Row_1951_Col_1.tif,6
Kather_texture_2016_image_tiles_5000/07_ADIPOSE/10B32_CRC-Prim-HE-04_036.tif_Row_151_Col_1351.tif,6
Kather_texture_2016_image_tiles_5000/08_EMPTY/10D31_CRC-Prim-HE-06_005.tif_Row_3301_Col_5701.tif,7
Kather_texture_2016_image_tiles_5000/07_ADIPOSE/16920_CRC-Prim-HE-03_012.tif_Row_2701_Col_601.tif,6
Kather_texture_2016_image_tiles_5000/08_EMPTY/14AE3_CRC-Prim-HE-06_005.tif_Row_4501_Col_3751.tif,7
Kather_texture_2016_image_tiles_5000/07_ADIPOSE/151E2_CRC-Prim-HE-07.tif_Row_751_Col_3601.tif,6
Kather_texture_2016_image_tiles_5000/07_ADIPOSE/1050A_CRC-Prim-HE-03_012.tif_Row_301_Col_1351.tif,6
Kather_texture_2016_image_tiles_5000/07_ADIPOSE/112B2_CRC-Prim-HE-07.tif_Row_1_Col_4501.tif,6
Kather_texture_2016_image_tiles_5000/07_ADIPOSE/11010_CRC-Prim-HE-10_020.tif_Row_1_Col_2401.tif,6
Kather_texture_2016_image_tiles_5000/07_ADIPOSE/13756_CRC-Prim-HE-05_032.tif_Row_301_Col_2401.tif,6
Kather_texture_2016_image_tiles_5000/08_EMPTY/14BDB_CRC-Prim-HE-06_005.tif_Row_451_Col_6001.tif,7
Kather_texture_2016_image_tiles_5000/08_EMPTY/10AA8_CRC-Prim-HE-06_005.tif_Row_6001_Col_7201.tif,7
Kather_texture_2016_image_tiles_5000/08_EMPTY/10AA3_CRC-Prim-HE-06_005.tif_Row_1201_Col_4051.tif,7
Kather_texture_2016_image_tiles_5000/08_EMPTY/11C34_CRC-Prim-HE-06_005.tif_Row_1201_Col_5251.tif,7
Kather_texture_2016_image_tiles_5000/08_EMPTY/15615_CRC-Prim-HE-06_005.tif_Row_4201_Col_6901.tif,7
Kather_texture_2016_image_tiles_5000/08_EMPTY/10E06_CRC-Prim-HE-06_005.tif_Row_3151_Col_5851.tif,7
Kather_texture_2016_image_tiles_5000/08_EMPTY/1070E_CRC-Prim-HE-06_005.tif_Row_4201_Col_1201.tif,7
Kather_texture_2016_image_tiles_5000/08_EMPTY/11A85_CRC-Prim-HE-06_005.tif_Row_3151_Col_5701.tif,7
Kather_texture_2016_image_tiles_5000/07_ADIPOSE/15ED1_CRC-Prim-HE-05_032.tif_Row_601_Col_3001.tif,6
Kather_texture_2016_image_tiles_5000/08_EMPTY/14EA7_CRC-Prim-HE-06_005.tif_Row_4051_Col_7951.tif,7
Kather_texture_2016_image_tiles_5000/07_ADIPOSE/15206_CRC-Prim-HE-03_012.tif_Row_2851_Col_601.tif,6
Kather_texture_2016_image_tiles_5000/07_ADIPOSE/15661_CRC-Prim-HE-05_032.tif_Row_1951_Col_4651.tif,6
Kather_texture_2016_image_tiles_5000/08_EMPTY/10FCD_CRC-Prim-HE-06_005.tif_Row_751_Col_7051.tif,7
Kather_texture_2016_image_tiles_5000/08_EMPTY/142FA_CRC-Prim-HE-06_005.tif_Row_2701_Col_1651.tif,7
Kather_texture_2016_image_tiles_5000/08_EMPTY/10133_CRC-Prim-HE-06_005.tif_Row_301_Col_5251.tif,7
Kather_texture_2016_image_tiles_5000/07_ADIPOSE/136E9_CRC-Prim-HE-07_035.tif_Row_451_Col_601.tif,6
Kather_texture_2016_image_tiles_5000/08_EMPTY/137DF_CRC-Prim-HE-10_026.tif_Row_151_Col_301.tif,7
Kather_texture_2016_image_tiles_5000/08_EMPTY/10F3C_CRC-Prim-HE-06_005.tif_Row_3301_Col_4051.tif,7
Kather_texture_2016_image_tiles_5000/07_ADIPOSE/1736B_CRC-Prim-HE-05_032.tif_Row_601_Col_4051.tif,6
Kather_texture_2016_image_tiles_5000/07_ADIPOSE/12B98_CRC-Prim-HE-05_032.tif_Row_1501_Col_2251.tif,6
Kather_texture_2016_image_tiles_5000/07_ADIPOSE/1225C_CRC-Prim-HE-03_012.tif_Row_3151_Col_1.tif,6
Kather_texture_2016_image_tiles_5000/07_ADIPOSE/15991_CRC-Prim-HE-03_012.tif_Row_3751_Col_2101.tif,6
Kather_texture_2016_image_tiles_5000/07_ADIPOSE/1247B_CRC-Prim-HE-10_020.tif_Row_451_Col_901.tif,6
Kather_texture_2016_image_tiles_5000/08_EMPTY/108D1_CRC-Prim-HE-06_005.tif_Row_451_Col_151.tif,7
Kather_texture_2016_image_tiles_5000/08_EMPTY/12147_CRC-Prim-HE-06_005.tif_Row_2101_Col_751.tif,7
Kather_texture_2016_image_tiles_5000/07_ADIPOSE/11FC1_CRC-Prim-HE-03_012.tif_Row_1051_Col_1201.tif,6
Kather_texture_2016_image_tiles_5000/08_EMPTY/11464_CRC-Prim-HE-06_005.tif_Row_4201_Col_1351.tif,7
Kather_texture_2016_image_tiles_5000/08_EMPTY/109D1_CRC-Prim-HE-06_005.tif_Row_6301_Col_1.tif,7
Kather_texture_2016_image_tiles_5000/07_ADIPOSE/10C5C_CRC-Prim-HE-05_032.tif_Row_1951_Col_1351.tif,6
Kather_texture_2016_image_tiles_5000/08_EMPTY/14BB7_CRC-Prim-HE-06_005.tif_Row_2701_Col_2251.tif,7
Kather_texture_2016_image_tiles_5000/08_EMPTY/132F_CRC-Prim-HE-06_005.tif_Row_1801_Col_5251.tif,7
Kather_texture_2016_image_tiles_5000/08_EMPTY/12B8E_CRC-Prim-HE-06_005.tif_Row_5251_Col_7651.tif,7
Kather_texture_2016_image_tiles_5000/08_EMPTY/12F4F_CRC-Prim-HE-06_005.tif_Row_2851_Col_4801.tif,7
Kather_texture_2016_image_tiles_5000/07_ADIPOSE/15899_CRC-Prim-HE-03_012.tif_Row_1051_Col_2701.tif,6
Kather_texture_2016_image_tiles_5000/08_EMPTY/11C12_CRC-Prim-HE-06_005.tif_Row_3751_Col_3601.tif,7
Kather_texture_2016_image_tiles_5000/07_ADIPOSE/170CF_CRC-Prim-HE-03_012.tif_Row_2401_Col_2551.tif,6
Kather_texture_2016_image_tiles_5000/08_EMPTY/1427A_CRC-Prim-HE-06_005.tif_Row_4951_Col_6451.tif,7
Kather_texture_2016_image_tiles_5000/07_ADIPOSE/16B64_CRC-Prim-HE-03_012.tif_Row_3751_Col_1801.tif,6
Kather_texture_2016_image_tiles_5000/07_ADIPOSE/1339F_CRC-Prim-HE-06_004.tif_Row_151_Col_451.tif,6
Kather_texture_2016_image_tiles_5000/08_EMPTY/139ED_CRC-Prim-HE-06_005.tif_Row_5101_Col_2251.tif,7
Kather_texture_2016_image_tiles_5000/07_ADIPOSE/168_CRC-Prim-HE-05_032.tif_Row_1501_Col_2851.tif,6
Kather_texture_2016_image_tiles_5000/07_ADIPOSE/10C57_CRC-Prim-HE-03_012.tif_Row_1201_Col_2851.tif,6
Kather_texture_2016_image_tiles_5000/08_EMPTY/108F1_CRC-Prim-HE-06_005.tif_Row_4801_Col_2401.tif,7
Kather_texture_2016_image_tiles_5000/08_EMPTY/1026A_CRC-Prim-HE-06_005.tif_Row_2101_Col_5101.tif,7
Kather_texture_2016_image_tiles_5000/07_ADIPOSE/12DFB_CRC-Prim-HE-06_004.tif_Row_2101_Col_451.tif,6
Kather_texture_2016_image_tiles_5000/08_EMPTY/1091_CRC-Prim-HE-06_005.tif_Row_5851_Col_2401.tif,7
Kather_texture_2016_image_tiles_5000/08_EMPTY/12F73_CRC-Prim-HE-06_005.tif_Row_5701_Col_7201.tif,7
Kather_texture_2016_image_tiles_5000/08_EMPTY/1058B_CRC-Prim-HE-06_005.tif_Row_1501_Col_4951.tif,7
Kather_texture_2016_image_tiles_5000/07_ADIPOSE/14D56_CRC-Prim-HE-03_012.tif_Row_751_Col_901.tif,6
Kather_texture_2016_image_tiles_5000/07_ADIPOSE/1230_CRC-Prim-HE-05_032.tif_Row_1_Col_301.tif,6
Kather_texture_2016_image_tiles_5000/08_EMPTY/1564D_CRC-Prim-HE-06_005.tif_Row_5251_Col_1051.tif,7
Kather_texture_2016_image_tiles_5000/07_ADIPOSE/163A0_CRC-Prim-HE-06_004.tif_Row_901_Col_2251.tif,6
Kather_texture_2016_image_tiles_5000/08_EMPTY/1162_CRC-Prim-HE-06_005.tif_Row_2701_Col_5851.tif,7
Kather_texture_2016_image_tiles_5000/07_ADIPOSE/13A2D_CRC-Prim-HE-03_012.tif_Row_2251_Col_1.tif,6
Kather_texture_2016_image_tiles_5000/07_ADIPOSE/15F46_CRC-Prim-HE-04_036.tif_Row_451_Col_1351.tif,6
Kather_texture_2016_image_tiles_5000/07_ADIPOSE/1535B_CRC-Prim-HE-03_012.tif_Row_2101_Col_901.tif,6
Kather_texture_2016_image_tiles_5000/07_ADIPOSE/15B1C_CRC-Prim-HE-10_020.tif_Row_451_Col_2851.tif,6
Kather_texture_2016_image_tiles_5000/07_ADIPOSE/12B85_CRC-Prim-HE-07.tif_Row_451_Col_3451.tif,6
Kather_texture_2016_image_tiles_5000/08_EMPTY/11EAF_CRC-Prim-HE-06_005.tif_Row_4801_Col_5401.tif,7
Kather_texture_2016_image_tiles_5000/07_ADIPOSE/1372_CRC-Prim-HE-06_004.tif_Row_2101_Col_2701.tif,6
Kather_texture_2016_image_tiles_5000/08_EMPTY/1236E_CRC-Prim-HE-06_005.tif_Row_2401_Col_6301.tif,7
Kather_texture_2016_image_tiles_5000/07_ADIPOSE/12BC7_CRC-Prim-HE-06_004.tif_Row_2701_Col_1.tif,6
Kather_texture_2016_image_tiles_5000/08_EMPTY/13C58_CRC-Prim-HE-06_005.tif_Row_2401_Col_5401.tif,7
Kather_texture_2016_image_tiles_5000/08_EMPTY/156E9_CRC-Prim-HE-06_005.tif_Row_2851_Col_1051.tif,7
Kather_texture_2016_image_tiles_5000/08_EMPTY/140CD_CRC-Prim-HE-06_005.tif_Row_2401_Col_3301.tif,7
Kather_texture_2016_image_tiles_5000/07_ADIPOSE/14A0B_CRC-Prim-HE-03_012.tif_Row_451_Col_2851.tif,6
Kather_texture_2016_image_tiles_5000/08_EMPTY/150C7_CRC-Prim-HE-06_005.tif_Row_5701_Col_6001.tif,7
Kather_texture_2016_image_tiles_5000/07_ADIPOSE/104EB_CRC-Prim-HE-05_032.tif_Row_1651_Col_4501.tif,6
Kather_texture_2016_image_tiles_5000/08_EMPTY/1581B_CRC-Prim-HE-06_005.tif_Row_5401_Col_4651.tif,7
Kather_texture_2016_image_tiles_5000/08_EMPTY/13A0C_CRC-Prim-HE-06_005.tif_Row_1801_Col_3001.tif,7
Kather_texture_2016_image_tiles_5000/07_ADIPOSE/1323D_CRC-Prim-HE-07.tif_Row_451_Col_151.tif,6
Kather_texture_2016_image_tiles_5000/08_EMPTY/1337A_CRC-Prim-HE-06_005.tif_Row_2251_Col_7801.tif,7
Kather_texture_2016_image_tiles_5000/08_EMPTY/117A7_CRC-Prim-HE-06_005.tif_Row_2851_Col_6601.tif,7
Kather_texture_2016_image_tiles_5000/08_EMPTY/1240E_CRC-Prim-HE-06_005.tif_Row_4651_Col_4951.tif,7
Kather_texture_2016_image_tiles_5000/07_ADIPOSE/12819_CRC-Prim-HE-05_032.tif_Row_751_Col_3451.tif,6
Kather_texture_2016_image_tiles_5000/08_EMPTY/15672_CRC-Prim-HE-06_005.tif_Row_5251_Col_1.tif,7
Kather_texture_2016_image_tiles_5000/08_EMPTY/125F2_CRC-Prim-HE-06_005.tif_Row_5851_Col_901.tif,7
Kather_texture_2016_image_tiles_5000/08_EMPTY/1148B_CRC-Prim-HE-10_026.tif_Row_2851_Col_1.tif,7
Kather_texture_2016_image_tiles_5000/07_ADIPOSE/1184D_CRC-Prim-HE-06_004.tif_Row_1801_Col_2401.tif,6
Kather_texture_2016_image_tiles_5000/07_ADIPOSE/10E58_CRC-Prim-HE-05_032.tif_Row_1_Col_4201.tif,6
Kather_texture_2016_image_tiles_5000/07_ADIPOSE/11E6A_CRC-Prim-HE-06_004.tif_Row_151_Col_2401.tif,6
Kather_texture_2016_image_tiles_5000/07_ADIPOSE/14C5B_CRC-Prim-HE-03_012.tif_Row_1201_Col_1.tif,6
Kather_texture_2016_image_tiles_5000/07_ADIPOSE/11355_CRC-Prim-HE-07.tif_Row_1201_Col_1951.tif,6
Kather_texture_2016_image_tiles_5000/08_EMPTY/13D50_CRC-Prim-HE-10_026.tif_Row_4501_Col_301.tif,7
Kather_texture_2016_image_tiles_5000/07_ADIPOSE/11A6D_CRC-Prim-HE-06_004.tif_Row_1801_Col_301.tif,6
Kather_texture_2016_image_tiles_5000/07_ADIPOSE/14870_CRC-Prim-HE-06_004.tif_Row_1951_Col_2251.tif,6
Kather_texture_2016_image_tiles_5000/07_ADIPOSE/108EA_CRC-Prim-HE-03_012.tif_Row_151_Col_1651.tif,6
Kather_texture_2016_image_tiles_5000/07_ADIPOSE/13C2C_CRC-Prim-HE-07.tif_Row_301_Col_2101.tif,6
Kather_texture_2016_image_tiles_5000/07_ADIPOSE/14892_CRC-Prim-HE-03_012.tif_Row_4051_Col_1651.tif,6
Kather_texture_2016_image_tiles_5000/07_ADIPOSE/159B4_CRC-Prim-HE-06_004.tif_Row_2401_Col_1351.tif,6
Kather_texture_2016_image_tiles_5000/07_ADIPOSE/1060E_CRC-Prim-HE-03_012.tif_Row_2101_Col_751.tif,6
Kather_texture_2016_image_tiles_5000/08_EMPTY/12A96_CRC-Prim-HE-06_005.tif_Row_1951_Col_2551.tif,7
Kather_texture_2016_image_tiles_5000/08_EMPTY/12380_CRC-Prim-HE-06_005.tif_Row_4651_Col_2401.tif,7
Kather_texture_2016_image_tiles_5000/07_ADIPOSE/13E89_CRC-Prim-HE-07.tif_Row_751_Col_2551.tif,6
Kather_texture_2016_image_tiles_5000/07_ADIPOSE/13348_CRC-Prim-HE-10_020.tif_Row_1_Col_451.tif,6
Kather_texture_2016_image_tiles_5000/07_ADIPOSE/15BD1_CRC-Prim-HE-03_012.tif_Row_1051_Col_1.tif,6
Kather_texture_2016_image_tiles_5000/08_EMPTY/14375_CRC-Prim-HE-06_005.tif_Row_5701_Col_901.tif,7
Kather_texture_2016_image_tiles_5000/07_ADIPOSE/118B_CRC-Prim-HE-10_020.tif_Row_901_Col_1.tif,6
Kather_texture_2016_image_tiles_5000/08_EMPTY/1509C_CRC-Prim-HE-06_005.tif_Row_2401_Col_2851.tif,7
Kather_texture_2016_image_tiles_5000/07_ADIPOSE/16031_CRC-Prim-HE-03_012.tif_Row_751_Col_2701.tif,6
Kather_texture_2016_image_tiles_5000/08_EMPTY/112B5_CRC-Prim-HE-06_005.tif_Row_4051_Col_3151.tif,7
Kather_texture_2016_image_tiles_5000/08_EMPTY/1474B_CRC-Prim-HE-06_005.tif_Row_4951_Col_3451.tif,7
Kather_texture_2016_image_tiles_5000/08_EMPTY/141A7_CRC-Prim-HE-06_005.tif_Row_6301_Col_3001.tif,7
Kather_texture_2016_image_tiles_5000/08_EMPTY/1077_CRC-Prim-HE-06_005.tif_Row_301_Col_4201.tif,7
Kather_texture_2016_image_tiles_5000/07_ADIPOSE/152A4_CRC-Prim-HE-05_032.tif_Row_1051_Col_3901.tif,6
Kather_texture_2016_image_tiles_5000/08_EMPTY/145E6_CRC-Prim-HE-06_005.tif_Row_2101_Col_8101.tif,7
Kather_texture_2016_image_tiles_5000/07_ADIPOSE/119B8_CRC-Prim-HE-05_032.tif_Row_1351_Col_4351.tif,6
Kather_texture_2016_image_tiles_5000/08_EMPTY/131DF_CRC-Prim-HE-06_005.tif_Row_1501_Col_6601.tif,7
Kather_texture_2016_image_tiles_5000/07_ADIPOSE/15026_CRC-Prim-HE-05_032.tif_Row_1_Col_4801.tif,6
Kather_texture_2016_image_tiles_5000/07_ADIPOSE/143_CRC-Prim-HE-07.tif_Row_751_Col_1501.tif,6
Kather_texture_2016_image_tiles_5000/07_ADIPOSE/12EA9_CRC-Prim-HE-05_032.tif_Row_1801_Col_1351.tif,6
Kather_texture_2016_image_tiles_5000/07_ADIPOSE/14023_CRC-Prim-HE-03_012.tif_Row_3001_Col_601.tif,6
Kather_texture_2016_image_tiles_5000/08_EMPTY/112B7_CRC-Prim-HE-06_005.tif_Row_901_Col_3601.tif,7
Kather_texture_2016_image_tiles_5000/08_EMPTY/1031E_CRC-Prim-HE-06_005.tif_Row_5851_Col_751.tif,7
Kather_texture_2016_image_tiles_5000/08_EMPTY/126D9_CRC-Prim-HE-06_005.tif_Row_3751_Col_5851.tif,7
Kather_texture_2016_image_tiles_5000/07_ADIPOSE/1097_CRC-Prim-HE-03_012.tif_Row_2851_Col_2551.tif,6
Kather_texture_2016_image_tiles_5000/08_EMPTY/15273_CRC-Prim-HE-06_005.tif_Row_1051_Col_4951.tif,7
Kather_texture_2016_image_tiles_5000/08_EMPTY/1174A_CRC-Prim-HE-06_005.tif_Row_4951_Col_4651.tif,7
Kather_texture_2016_image_tiles_5000/07_ADIPOSE/15218_CRC-Prim-HE-05_032.tif_Row_1_Col_2701.tif,6
Kather_texture_2016_image_tiles_5000/07_ADIPOSE/10D5C_CRC-Prim-HE-03_012.tif_Row_4051_Col_1501.tif,6
Kather_texture_2016_image_tiles_5000/08_EMPTY/149BB_CRC-Prim-HE-06_005.tif_Row_2401_Col_7951.tif,7
Kather_texture_2016_image_tiles_5000/07_ADIPOSE/15CE2_CRC-Prim-HE-06_004.tif_Row_1_Col_601.tif,6
Kather_texture_2016_image_tiles_5000/07_ADIPOSE/173F5_CRC-Prim-HE-05_032.tif_Row_751_Col_151.tif,6
Kather_texture_2016_image_tiles_5000/08_EMPTY/124C3_CRC-Prim-HE-06_005.tif_Row_3301_Col_4951.tif,7
Kather_texture_2016_image_tiles_5000/07_ADIPOSE/12C9B_CRC-Prim-HE-07.tif_Row_1_Col_3151.tif,6
Kather_texture_2016_image_tiles_5000/08_EMPTY/1411C_CRC-Prim-HE-06_005.tif_Row_4951_Col_2101.tif,7
Kather_texture_2016_image_tiles_5000/07_ADIPOSE/1117A_CRC-Prim-HE-03_012.tif_Row_1051_Col_2101.tif,6
Kather_texture_2016_image_tiles_5000/08_EMPTY/10613_CRC-Prim-HE-06_005.tif_Row_901_Col_8101.tif,7
Kather_texture_2016_image_tiles_5000/07_ADIPOSE/16F41_CRC-Prim-HE-07.tif_Row_751_Col_901.tif,6
Kather_texture_2016_image_tiles_5000/08_EMPTY/14BAB_CRC-Prim-HE-06_005.tif_Row_601_Col_7051.tif,7
Kather_texture_2016_image_tiles_5000/07_ADIPOSE/1151C_CRC-Prim-HE-06_004.tif_Row_1501_Col_451.tif,6
Kather_texture_2016_image_tiles_5000/08_EMPTY/105C0_CRC-Prim-HE-06_005.tif_Row_2101_Col_1501.tif,7
Kather_texture_2016_image_tiles_5000/07_ADIPOSE/145CF_CRC-Prim-HE-10_020.tif_Row_751_Col_601.tif,6
Kather_texture_2016_image_tiles_5000/08_EMPTY/13B03_CRC-Prim-HE-06_005.tif_Row_4651_Col_6151.tif,7
Kather_texture_2016_image_tiles_5000/07_ADIPOSE/15A_CRC-Prim-HE-03_012.tif_Row_3601_Col_1.tif,6
Kather_texture_2016_image_tiles_5000/07_ADIPOSE/1585F_CRC-Prim-HE-05_032.tif_Row_1_Col_4351.tif,6
Kather_texture_2016_image_tiles_5000/08_EMPTY/13974_CRC-Prim-HE-06_005.tif_Row_1951_Col_5551.tif,7
Kather_texture_2016_image_tiles_5000/08_EMPTY/113D_CRC-Prim-HE-10_026.tif_Row_1201_Col_601.tif,7
Kather_texture_2016_image_tiles_5000/07_ADIPOSE/12F47_CRC-Prim-HE-04_036.tif_Row_901_Col_451.tif,6
Kather_texture_2016_image_tiles_5000/08_EMPTY/11FBB_CRC-Prim-HE-06_005.tif_Row_2101_Col_5701.tif,7
Kather_texture_2016_image_tiles_5000/07_ADIPOSE/110BD_CRC-Prim-HE-06_004.tif_Row_451_Col_601.tif,6
Kather_texture_2016_image_tiles_5000/08_EMPTY/11C40_CRC-Prim-HE-06_005.tif_Row_6451_Col_1801.tif,7
Kather_texture_2016_image_tiles_5000/07_ADIPOSE/138D5_CRC-Prim-HE-06_004.tif_Row_1501_Col_2251.tif,6
Kather_texture_2016_image_tiles_5000/07_ADIPOSE/102C5_CRC-Prim-HE-05_032.tif_Row_751_Col_4651.tif,6
Kather_texture_2016_image_tiles_5000/07_ADIPOSE/13244_CRC-Prim-HE-03_012.tif_Row_1351_Col_1201.tif,6
Kather_texture_2016_image_tiles_5000/07_ADIPOSE/16822_CRC-Prim-HE-06_004.tif_Row_1351_Col_751.tif,6
Kather_texture_2016_image_tiles_5000/08_EMPTY/144FF_CRC-Prim-HE-06_005.tif_Row_2251_Col_301.tif,7
Kather_texture_2016_image_tiles_5000/07_ADIPOSE/12018_CRC-Prim-HE-05_032.tif_Row_1651_Col_1351.tif,6
Kather_texture_2016_image_tiles_5000/07_ADIPOSE/1015_CRC-Prim-HE-10_020.tif_Row_601_Col_601.tif,6
Kather_texture_2016_image_tiles_5000/07_ADIPOSE/12414_CRC-Prim-HE-03_012.tif_Row_1651_Col_1501.tif,6
Kather_texture_2016_image_tiles_5000/07_ADIPOSE/10DE_CRC-Prim-HE-10_020.tif_Row_1051_Col_451.tif,6
Kather_texture_2016_image_tiles_5000/07_ADIPOSE/1502D_CRC-Prim-HE-07.tif_Row_1_Col_3751.tif,6
Kather_texture_2016_image_tiles_5000/08_EMPTY/13F9A_CRC-Prim-HE-10_026.tif_Row_151_Col_151.tif,7
Kather_texture_2016_image_tiles_5000/08_EMPTY/12365_CRC-Prim-HE-06_005.tif_Row_2551_Col_7651.tif,7
Kather_texture_2016_image_tiles_5000/08_EMPTY/131DC_CRC-Prim-HE-06_005.tif_Row_2401_Col_451.tif,7
Kather_texture_2016_image_tiles_5000/07_ADIPOSE/16835_CRC-Prim-HE-10_020.tif_Row_751_Col_1.tif,6
Kather_texture_2016_image_tiles_5000/08_EMPTY/130FF_CRC-Prim-HE-06_005.tif_Row_4051_Col_3001.tif,7
Kather_texture_2016_image_tiles_5000/07_ADIPOSE/11A64_CRC-Prim-HE-06_004.tif_Row_2701_Col_151.tif,6
Kather_texture_2016_image_tiles_5000/07_ADIPOSE/107C9_CRC-Prim-HE-06_004.tif_Row_151_Col_2701.tif,6
Kather_texture_2016_image_tiles_5000/08_EMPTY/13AE2_CRC-Prim-HE-06_005.tif_Row_1201_Col_751.tif,7
Kather_texture_2016_image_tiles_5000/07_ADIPOSE/119FF_CRC-Prim-HE-05_032.tif_Row_1351_Col_901.tif,6
Kather_texture_2016_image_tiles_5000/07_ADIPOSE/15D42_CRC-Prim-HE-04_036.tif_Row_601_Col_151.tif,6
Kather_texture_2016_image_tiles_5000/08_EMPTY/132D2_CRC-Prim-HE-10_026.tif_Row_2401_Col_151.tif,7
Kather_texture_2016_image_tiles_5000/07_ADIPOSE/12746_CRC-Prim-HE-03_012.tif_Row_1051_Col_2401.tif,6
Kather_texture_2016_image_tiles_5000/07_ADIPOSE/10354_CRC-Prim-HE-06_004.tif_Row_301_Col_2701.tif,6
Kather_texture_2016_image_tiles_5000/08_EMPTY/110B_CRC-Prim-HE-06_005.tif_Row_3901_Col_1051.tif,7
Kather_texture_2016_image_tiles_5000/07_ADIPOSE/1476_CRC-Prim-HE-05_032.tif_Row_1951_Col_3901.tif,6
Kather_texture_2016_image_tiles_5000/08_EMPTY/13E90_CRC-Prim-HE-06_005.tif_Row_4651_Col_1201.tif,7
Kather_texture_2016_image_tiles_5000/08_EMPTY/142C8_CRC-Prim-HE-06_005.tif_Row_151_Col_4351.tif,7
Kather_texture_2016_image_tiles_5000/08_EMPTY/139F_CRC-Prim-HE-06_005.tif_Row_4951_Col_3001.tif,7
Kather_texture_2016_image_tiles_5000/07_ADIPOSE/125EE_CRC-Prim-HE-03_012.tif_Row_4051_Col_601.tif,6
Kather_texture_2016_image_tiles_5000/07_ADIPOSE/14BA0_CRC-Prim-HE-07.tif_Row_1201_Col_2101.tif,6
Kather_texture_2016_image_tiles_5000/07_ADIPOSE/13C7E_CRC-Prim-HE-10_020.tif_Row_1_Col_301.tif,6
Kather_texture_2016_image_tiles_5000/08_EMPTY/1374C_CRC-Prim-HE-06_005.tif_Row_3601_Col_4051.tif,7
Kather_texture_2016_image_tiles_5000/07_ADIPOSE/1656E_CRC-Prim-HE-06_004.tif_Row_151_Col_2101.tif,6
Kather_texture_2016_image_tiles_5000/08_EMPTY/13E02_CRC-Prim-HE-06_005.tif_Row_1951_Col_3601.tif,7
Kather_texture_2016_image_tiles_5000/08_EMPTY/1556C_CRC-Prim-HE-06_005.tif_Row_4501_Col_5551.tif,7
Kather_texture_2016_image_tiles_5000/08_EMPTY/11020_CRC-Prim-HE-10_026.tif_Row_3301_Col_301.tif,7
Kather_texture_2016_image_tiles_5000/08_EMPTY/14843_CRC-Prim-HE-06_005.tif_Row_1051_Col_4651.tif,7
Kather_texture_2016_image_tiles_5000/07_ADIPOSE/10110_CRC-Prim-HE-06_004.tif_Row_2401_Col_1951.tif,6
Kather_texture_2016_image_tiles_5000/07_ADIPOSE/160A4_CRC-Prim-HE-05_032.tif_Row_1051_Col_4951.tif,6
Kather_texture_2016_image_tiles_5000/08_EMPTY/12408_CRC-Prim-HE-06_005.tif_Row_2701_Col_601.tif,7
Kather_texture_2016_image_tiles_5000/07_ADIPOSE/1377F_CRC-Prim-HE-03_012.tif_Row_751_Col_1351.tif,6
Kather_texture_2016_image_tiles_5000/07_ADIPOSE/15AB_CRC-Prim-HE-03_012.tif_Row_3901_Col_1801.tif,6
Kather_texture_2016_image_tiles_5000/07_ADIPOSE/13695_CRC-Prim-HE-03_012.tif_Row_3451_Col_451.tif,6
Kather_texture_2016_image_tiles_5000/08_EMPTY/13F90_CRC-Prim-HE-06_005.tif_Row_2251_Col_751.tif,7
Kather_texture_2016_image_tiles_5000/08_EMPTY/14712_CRC-Prim-HE-06_005.tif_Row_1651_Col_3451.tif,7
Kather_texture_2016_image_tiles_5000/08_EMPTY/11928_CRC-Prim-HE-06_005.tif_Row_4201_Col_4051.tif,7
Kather_texture_2016_image_tiles_5000/08_EMPTY/14B34_CRC-Prim-HE-06_005.tif_Row_2551_Col_2551.tif,7
Kather_texture_2016_image_tiles_5000/08_EMPTY/1208E_CRC-Prim-HE-06_005.tif_Row_1351_Col_7951.tif,7
Kather_texture_2016_image_tiles_5000/07_ADIPOSE/12360_CRC-Prim-HE-06_004.tif_Row_1_Col_1951.tif,6
Kather_texture_2016_image_tiles_5000/08_EMPTY/11060_CRC-Prim-HE-06_005.tif_Row_901_Col_3301.tif,7
Kather_texture_2016_image_tiles_5000/07_ADIPOSE/10808_CRC-Prim-HE-05_032.tif_Row_151_Col_4501.tif,6
Kather_texture_2016_image_tiles_5000/08_EMPTY/10AE9_CRC-Prim-HE-06_005.tif_Row_2551_Col_6001.tif,7
Kather_texture_2016_image_tiles_5000/08_EMPTY/11985_CRC-Prim-HE-06_005.tif_Row_6301_Col_7051.tif,7
Kather_texture_2016_image_tiles_5000/07_ADIPOSE/13463_CRC-Prim-HE-03_012.tif_Row_3451_Col_751.tif,6
Kather_texture_2016_image_tiles_5000/08_EMPTY/14459_CRC-Prim-HE-06_005.tif_Row_6301_Col_4351.tif,7
Kather_texture_2016_image_tiles_5000/07_ADIPOSE/10C21_CRC-Prim-HE-05_032.tif_Row_1201_Col_3901.tif,6
Kather_texture_2016_image_tiles_5000/07_ADIPOSE/10504_CRC-Prim-HE-06_004.tif_Row_1951_Col_1051.tif,6
Kather_texture_2016_image_tiles_5000/07_ADIPOSE/148B0_CRC-Prim-HE-05_032.tif_Row_1651_Col_4201.tif,6
Kather_texture_2016_image_tiles_5000/07_ADIPOSE/15075_CRC-Prim-HE-05_032.tif_Row_751_Col_4801.tif,6
Kather_texture_2016_image_tiles_5000/07_ADIPOSE/1396A_CRC-Prim-HE-10_020.tif_Row_901_Col_1801.tif,6
Kather_texture_2016_image_tiles_5000/08_EMPTY/15134_CRC-Prim-HE-10_026.tif_Row_4651_Col_601.tif,7
Kather_texture_2016_image_tiles_5000/08_EMPTY/1110F_CRC-Prim-HE-06_005.tif_Row_4051_Col_6901.tif,7
Kather_texture_2016_image_tiles_5000/07_ADIPOSE/16189_CRC-Prim-HE-05_032.tif_Row_301_Col_3451.tif,6
Kather_texture_2016_image_tiles_5000/07_ADIPOSE/13DC9_CRC-Prim-HE-03_012.tif_Row_1_Col_2251.tif,6
Kather_texture_2016_image_tiles_5000/08_EMPTY/1156C_CRC-Prim-HE-06_005.tif_Row_2251_Col_4501.tif,7
Kather_texture_2016_image_tiles_5000/07_ADIPOSE/1044C_CRC-Prim-HE-07_035.tif_Row_601_Col_601.tif,6
Kather_texture_2016_image_tiles_5000/08_EMPTY/12FA4_CRC-Prim-HE-06_005.tif_Row_451_Col_5701.tif,7
Kather_texture_2016_image_tiles_5000/08_EMPTY/1389A_CRC-Prim-HE-06_005.tif_Row_1501_Col_4801.tif,7
Kather_texture_2016_image_tiles_5000/08_EMPTY/11629_CRC-Prim-HE-06_005.tif_Row_1_Col_7951.tif,7
Kather_texture_2016_image_tiles_5000/08_EMPTY/12404_CRC-Prim-HE-06_005.tif_Row_5101_Col_3451.tif,7
Kather_texture_2016_image_tiles_5000/07_ADIPOSE/10F32_CRC-Prim-HE-03_012.tif_Row_1_Col_301.tif,6
Kather_texture_2016_image_tiles_5000/08_EMPTY/13904_CRC-Prim-HE-06_005.tif_Row_4801_Col_1501.tif,7
Kather_texture_2016_image_tiles_5000/08_EMPTY/15613_CRC-Prim-HE-06_005.tif_Row_5551_Col_1501.tif,7
Kather_texture_2016_image_tiles_5000/07_ADIPOSE/11472_CRC-Prim-HE-07.tif_Row_1201_Col_2701.tif,6
Kather_texture_2016_image_tiles_5000/07_ADIPOSE/139A_CRC-Prim-HE-06_004.tif_Row_1501_Col_2101.tif,6
Kather_texture_2016_image_tiles_5000/07_ADIPOSE/13FC2_CRC-Prim-HE-07.tif_Row_601_Col_1651.tif,6
Kather_texture_2016_image_tiles_5000/08_EMPTY/103DB_CRC-Prim-HE-06_005.tif_Row_1651_Col_6751.tif,7
Kather_texture_2016_image_tiles_5000/07_ADIPOSE/11393_CRC-Prim-HE-04_036.tif_Row_901_Col_601.tif,6
Kather_texture_2016_image_tiles_5000/08_EMPTY/145CC_CRC-Prim-HE-06_005.tif_Row_4351_Col_6151.tif,7
Kather_texture_2016_image_tiles_5000/07_ADIPOSE/152A3_CRC-Prim-HE-03_012.tif_Row_3751_Col_2851.tif,6
Kather_texture_2016_image_tiles_5000/08_EMPTY/14B9B_CRC-Prim-HE-06_005.tif_Row_3601_Col_5401.tif,7
Kather_texture_2016_image_tiles_5000/08_EMPTY/150B1_CRC-Prim-HE-06_005.tif_Row_1501_Col_6901.tif,7
Kather_texture_2016_image_tiles_5000/08_EMPTY/142E1_CRC-Prim-HE-10_026.tif_Row_3751_Col_601.tif,7
Kather_texture_2016_image_tiles_5000/07_ADIPOSE/16EE2_CRC-Prim-HE-03_012.tif_Row_601_Col_1351.tif,6
Kather_texture_2016_image_tiles_5000/08_EMPTY/12A68_CRC-Prim-HE-06_005.tif_Row_4351_Col_6901.tif,7
Kather_texture_2016_image_tiles_5000/08_EMPTY/10D1_CRC-Prim-HE-06_005.tif_Row_6001_Col_1051.tif,7
Kather_texture_2016_image_tiles_5000/08_EMPTY/13881_CRC-Prim-HE-06_005.tif_Row_3751_Col_751.tif,7
Kather_texture_2016_image_tiles_5000/08_EMPTY/11936_CRC-Prim-HE-06_005.tif_Row_2101_Col_4351.tif,7
Kather_texture_2016_image_tiles_5000/08_EMPTY/14A9E_CRC-Prim-HE-06_005.tif_Row_1951_Col_5701.tif,7
Kather_texture_2016_image_tiles_5000/08_EMPTY/13D18_CRC-Prim-HE-06_005.tif_Row_1_Col_1051.tif,7
Kather_texture_2016_image_tiles_5000/08_EMPTY/113D_CRC-Prim-HE-06_005.tif_Row_4651_Col_6751.tif,7
Kather_texture_2016_image_tiles_5000/08_EMPTY/13C88_CRC-Prim-HE-06_005.tif_Row_3451_Col_7801.tif,7
Kather_texture_2016_image_tiles_5000/07_ADIPOSE/12002_CRC-Prim-HE-05_032.tif_Row_1351_Col_1801.tif,6
Kather_texture_2016_image_tiles_5000/08_EMPTY/141B1_CRC-Prim-HE-06_005.tif_Row_1201_Col_3901.tif,7
Kather_texture_2016_image_tiles_5000/07_ADIPOSE/14420_CRC-Prim-HE-10_020.tif_Row_601_Col_1801.tif,6
Kather_texture_2016_image_tiles_5000/07_ADIPOSE/12EF1_CRC-Prim-HE-06_004.tif_Row_1501_Col_1351.tif,6
Kather_texture_2016_image_tiles_5000/07_ADIPOSE/110E3_CRC-Prim-HE-07.tif_Row_301_Col_3901.tif,6
Kather_texture_2016_image_tiles_5000/07_ADIPOSE/1462B_CRC-Prim-HE-05_032.tif_Row_1801_Col_1201.tif,6
Kather_texture_2016_image_tiles_5000/07_ADIPOSE/16F8_CRC-Prim-HE-10_020.tif_Row_451_Col_301.tif,6
Kather_texture_2016_image_tiles_5000/07_ADIPOSE/11DB6_CRC-Prim-HE-07.tif_Row_451_Col_3601.tif,6
Kather_texture_2016_image_tiles_5000/07_ADIPOSE/12AA0_CRC-Prim-HE-03_012.tif_Row_2551_Col_1051.tif,6
Kather_texture_2016_image_tiles_5000/08_EMPTY/10015_CRC-Prim-HE-06_005.tif_Row_4651_Col_1501.tif,7
Kather_texture_2016_image_tiles_5000/08_EMPTY/10F68_CRC-Prim-HE-06_005.tif_Row_751_Col_451.tif,7
Kather_texture_2016_image_tiles_5000/08_EMPTY/11547_CRC-Prim-HE-06_005.tif_Row_901_Col_7051.tif,7
Kather_texture_2016_image_tiles_5000/07_ADIPOSE/1081_CRC-Prim-HE-10_020.tif_Row_901_Col_3001.tif,6
Kather_texture_2016_image_tiles_5000/08_EMPTY/134D0_CRC-Prim-HE-10_026.tif_Row_4801_Col_451.tif,7
Kather_texture_2016_image_tiles_5000/08_EMPTY/10CEA_CRC-Prim-HE-06_005.tif_Row_6301_Col_3751.tif,7
Kather_texture_2016_image_tiles_5000/08_EMPTY/13024_CRC-Prim-HE-06_005.tif_Row_1051_Col_6451.tif,7
Kather_texture_2016_image_tiles_5000/08_EMPTY/10CC2_CRC-Prim-HE-06_005.tif_Row_2251_Col_8101.tif,7
Kather_texture_2016_image_tiles_5000/07_ADIPOSE/10006_CRC-Prim-HE-03_012.tif_Row_601_Col_2251.tif,6
Kather_texture_2016_image_tiles_5000/07_ADIPOSE/15EAE_CRC-Prim-HE-05_032.tif_Row_1201_Col_1951.tif,6
Kather_texture_2016_image_tiles_5000/08_EMPTY/14B40_CRC-Prim-HE-06_005.tif_Row_6001_Col_4051.tif,7
Kather_texture_2016_image_tiles_5000/08_EMPTY/12FDC_CRC-Prim-HE-06_005.tif_Row_1501_Col_5701.tif,7
Kather_texture_2016_image_tiles_5000/08_EMPTY/1022E_CRC-Prim-HE-06_005.tif_Row_1651_Col_3601.tif,7
Kather_texture_2016_image_tiles_5000/08_EMPTY/14A5F_CRC-Prim-HE-06_005.tif_Row_4951_Col_7201.tif,7
Kather_texture_2016_image_tiles_5000/08_EMPTY/14617_CRC-Prim-HE-06_005.tif_Row_3451_Col_4801.tif,7
Kather_texture_2016_image_tiles_5000/08_EMPTY/10700_CRC-Prim-HE-06_005.tif_Row_3001_Col_5551.tif,7
Kather_texture_2016_image_tiles_5000/08_EMPTY/10686_CRC-Prim-HE-06_005.tif_Row_3451_Col_6901.tif,7
Kather_texture_2016_image_tiles_5000/07_ADIPOSE/121C0_CRC-Prim-HE-05_032.tif_Row_601_Col_751.tif,6
Kather_texture_2016_image_tiles_5000/08_EMPTY/10F45_CRC-Prim-HE-06_005.tif_Row_6001_Col_3751.tif,7
Kather_texture_2016_image_tiles_5000/08_EMPTY/10E6A_CRC-Prim-HE-06_005.tif_Row_451_Col_2851.tif,7
Kather_texture_2016_image_tiles_5000/08_EMPTY/10DE3_CRC-Prim-HE-06_005.tif_Row_4501_Col_3151.tif,7
Kather_texture_2016_image_tiles_5000/07_ADIPOSE/13D4E_CRC-Prim-HE-06_004.tif_Row_151_Col_901.tif,6
Kather_texture_2016_image_tiles_5000/07_ADIPOSE/16145_CRC-Prim-HE-06_004.tif_Row_1951_Col_901.tif,6
Kather_texture_2016_image_tiles_5000/08_EMPTY/1375F_CRC-Prim-HE-06_005.tif_Row_6001_Col_6301.tif,7
Kather_texture_2016_image_tiles_5000/07_ADIPOSE/15_CRC-Prim-HE-03_012.tif_Row_751_Col_1801.tif,6
Kather_texture_2016_image_tiles_5000/08_EMPTY/13AF0_CRC-Prim-HE-06_005.tif_Row_1651_Col_1201.tif,7
Kather_texture_2016_image_tiles_5000/08_EMPTY/104B2_CRC-Prim-HE-06_005.tif_Row_4201_Col_4951.tif,7
Kather_texture_2016_image_tiles_5000/07_ADIPOSE/10116_CRC-Prim-HE-03_012.tif_Row_3001_Col_2101.tif,6
Kather_texture_2016_image_tiles_5000/08_EMPTY/11F64_CRC-Prim-HE-06_005.tif_Row_5701_Col_751.tif,7
Kather_texture_2016_image_tiles_5000/08_EMPTY/10E6D_CRC-Prim-HE-06_005.tif_Row_5851_Col_1351.tif,7
Kather_texture_2016_image_tiles_5000/07_ADIPOSE/1135A_CRC-Prim-HE-03_012.tif_Row_2551_Col_2101.tif,6
Kather_texture_2016_image_tiles_5000/08_EMPTY/13A5C_CRC-Prim-HE-06_005.tif_Row_151_Col_6151.tif,7
Kather_texture_2016_image_tiles_5000/08_EMPTY/102B_CRC-Prim-HE-06_005.tif_Row_1951_Col_601.tif,7
Kather_texture_2016_image_tiles_5000/07_ADIPOSE/16193_CRC-Prim-HE-05_032.tif_Row_901_Col_2551.tif,6
Kather_texture_2016_image_tiles_5000/07_ADIPOSE/140CD_CRC-Prim-HE-06_004.tif_Row_1801_Col_1051.tif,6
Kather_texture_2016_image_tiles_5000/08_EMPTY/10C64_CRC-Prim-HE-06_005.tif_Row_151_Col_4951.tif,7
Kather_texture_2016_image_tiles_5000/07_ADIPOSE/16DBD_CRC-Prim-HE-03_012.tif_Row_451_Col_2101.tif,6
Kather_texture_2016_image_tiles_5000/08_EMPTY/11D41_CRC-Prim-HE-06_005.tif_Row_2401_Col_7201.tif,7
Kather_texture_2016_image_tiles_5000/08_EMPTY/12E9B_CRC-Prim-HE-06_005.tif_Row_1801_Col_5401.tif,7
Kather_texture_2016_image_tiles_5000/07_ADIPOSE/15CD8_CRC-Prim-HE-03_012.tif_Row_1201_Col_301.tif,6
Kather_texture_2016_image_tiles_5000/08_EMPTY/10B0F_CRC-Prim-HE-06_005.tif_Row_3151_Col_6451.tif,7
Kather_texture_2016_image_tiles_5000/07_ADIPOSE/160A9_CRC-Prim-HE-03_012.tif_Row_1201_Col_2101.tif,6
Kather_texture_2016_image_tiles_5000/07_ADIPOSE/15B72_CRC-Prim-HE-03_012.tif_Row_2251_Col_2401.tif,6
Kather_texture_2016_image_tiles_5000/07_ADIPOSE/14EFB_CRC-Prim-HE-06_004.tif_Row_1501_Col_1501.tif,6
Kather_texture_2016_image_tiles_5000/08_EMPTY/14AD7_CRC-Prim-HE-06_005.tif_Row_2251_Col_3451.tif,7
Kather_texture_2016_image_tiles_5000/08_EMPTY/15644_CRC-Prim-HE-06_005.tif_Row_4351_Col_1651.tif,7
Kather_texture_2016_image_tiles_5000/07_ADIPOSE/15EA0_CRC-Prim-HE-05_032.tif_Row_451_Col_2701.tif,6
Kather_texture_2016_image_tiles_5000/07_ADIPOSE/12B47_CRC-Prim-HE-03_012.tif_Row_3601_Col_1201.tif,6
Kather_texture_2016_image_tiles_5000/07_ADIPOSE/13215_CRC-Prim-HE-04_036.tif_Row_901_Col_1201.tif,6
Kather_texture_2016_image_tiles_5000/07_ADIPOSE/1428D_CRC-Prim-HE-06_004.tif_Row_601_Col_1951.tif,6
Kather_texture_2016_image_tiles_5000/07_ADIPOSE/14C17_CRC-Prim-HE-06_004.tif_Row_1951_Col_1651.tif,6
Kather_texture_2016_image_tiles_5000/07_ADIPOSE/11C37_CRC-Prim-HE-10_020.tif_Row_1051_Col_2701.tif,6
Kather_texture_2016_image_tiles_5000/07_ADIPOSE/1254B_CRC-Prim-HE-07.tif_Row_1051_Col_1801.tif,6
Kather_texture_2016_image_tiles_5000/08_EMPTY/14DD6_CRC-Prim-HE-06_005.tif_Row_1951_Col_1801.tif,7
Kather_texture_2016_image_tiles_5000/08_EMPTY/14EB0_CRC-Prim-HE-06_005.tif_Row_301_Col_2851.tif,7
Kather_texture_2016_image_tiles_5000/07_ADIPOSE/11E96_CRC-Prim-HE-05_032.tif_Row_1501_Col_1201.tif,6
Kather_texture_2016_image_tiles_5000/08_EMPTY/13FAC_CRC-Prim-HE-06_005.tif_Row_301_Col_301.tif,7
Kather_texture_2016_image_tiles_5000/07_ADIPOSE/100AC_CRC-Prim-HE-06_004.tif_Row_451_Col_1.tif,6
Kather_texture_2016_image_tiles_5000/07_ADIPOSE/12B5F_CRC-Prim-HE-05_032.tif_Row_1_Col_2851.tif,6
Kather_texture_2016_image_tiles_5000/07_ADIPOSE/13E26_CRC-Prim-HE-07.tif_Row_601_Col_3151.tif,6
Kather_texture_2016_image_tiles_5000/08_EMPTY/12D19_CRC-Prim-HE-06_005.tif_Row_601_Col_2101.tif,7
Kather_texture_2016_image_tiles_5000/07_ADIPOSE/1352F_CRC-Prim-HE-06_004.tif_Row_1501_Col_1.tif,6
Kather_texture_2016_image_tiles_5000/08_EMPTY/1470_CRC-Prim-HE-06_005.tif_Row_6151_Col_1951.tif,7
Kather_texture_2016_image_tiles_5000/08_EMPTY/14F6D_CRC-Prim-HE-06_005.tif_Row_2701_Col_6751.tif,7
Kather_texture_2016_image_tiles_5000/07_ADIPOSE/15329_CRC-Prim-HE-03_012.tif_Row_1051_Col_151.tif,6
Kather_texture_2016_image_tiles_5000/07_ADIPOSE/137B6_CRC-Prim-HE-03_012.tif_Row_3301_Col_2101.tif,6
Kather_texture_2016_image_tiles_5000/08_EMPTY/10E58_CRC-Prim-HE-10_026.tif_Row_2701_Col_151.tif,7
Kather_texture_2016_image_tiles_5000/08_EMPTY/10939_CRC-Prim-HE-06_005.tif_Row_3451_Col_7201.tif,7
Kather_texture_2016_image_tiles_5000/08_EMPTY/10F0_CRC-Prim-HE-06_005.tif_Row_2701_Col_3901.tif,7
Kather_texture_2016_image_tiles_5000/07_ADIPOSE/101F9_CRC-Prim-HE-04_036.tif_Row_601_Col_451.tif,6
Kather_texture_2016_image_tiles_5000/08_EMPTY/11853_CRC-Prim-HE-06_005.tif_Row_5701_Col_7801.tif,7
Kather_texture_2016_image_tiles_5000/07_ADIPOSE/1028E_CRC-Prim-HE-03_012.tif_Row_3751_Col_1951.tif,6
Kather_texture_2016_image_tiles_5000/08_EMPTY/10B5C_CRC-Prim-HE-06_005.tif_Row_3301_Col_1651.tif,7
Kather_texture_2016_image_tiles_5000/08_EMPTY/11C0B_CRC-Prim-HE-10_026.tif_Row_3601_Col_151.tif,7
Kather_texture_2016_image_tiles_5000/08_EMPTY/109BB_CRC-Prim-HE-06_005.tif_Row_5551_Col_6301.tif,7
Kather_texture_2016_image_tiles_5000/07_ADIPOSE/14FD2_CRC-Prim-HE-06_004.tif_Row_1351_Col_1801.tif,6
Kather_texture_2016_image_tiles_5000/08_EMPTY/1161F_CRC-Prim-HE-06_005.tif_Row_1651_Col_5851.tif,7
Kather_texture_2016_image_tiles_5000/08_EMPTY/10490_CRC-Prim-HE-06_005.tif_Row_601_Col_901.tif,7
Kather_texture_2016_image_tiles_5000/08_EMPTY/12187_CRC-Prim-HE-06_005.tif_Row_2851_Col_1201.tif,7
Kather_texture_2016_image_tiles_5000/08_EMPTY/12A99_CRC-Prim-HE-06_005.tif_Row_6451_Col_2851.tif,7
Kather_texture_2016_image_tiles_5000/07_ADIPOSE/115A4_CRC-Prim-HE-07.tif_Row_1201_Col_3751.tif,6
Kather_texture_2016_image_tiles_5000/07_ADIPOSE/1003E_CRC-Prim-HE-05_032.tif_Row_1951_Col_2701.tif,6
Kather_texture_2016_image_tiles_5000/07_ADIPOSE/162B5_CRC-Prim-HE-05_032.tif_Row_1801_Col_301.tif,6
Kather_texture_2016_image_tiles_5000/08_EMPTY/153D1_CRC-Prim-HE-06_005.tif_Row_5551_Col_6151.tif,7
Kather_texture_2016_image_tiles_5000/08_EMPTY/104B6_CRC-Prim-HE-06_005.tif_Row_3451_Col_6451.tif,7
Kather_texture_2016_image_tiles_5000/08_EMPTY/129A_CRC-Prim-HE-06_005.tif_Row_1501_Col_151.tif,7
Kather_texture_2016_image_tiles_5000/07_ADIPOSE/154A4_CRC-Prim-HE-03_012.tif_Row_2101_Col_1951.tif,6
Kather_texture_2016_image_tiles_5000/08_EMPTY/1103A_CRC-Prim-HE-06_005.tif_Row_1501_Col_2251.tif,7
Kather_texture_2016_image_tiles_5000/08_EMPTY/137C2_CRC-Prim-HE-06_005.tif_Row_4801_Col_1.tif,7
Kather_texture_2016_image_tiles_5000/08_EMPTY/1120B_CRC-Prim-HE-06_005.tif_Row_2851_Col_5701.tif,7
Kather_texture_2016_image_tiles_5000/07_ADIPOSE/13214_CRC-Prim-HE-06_004.tif_Row_1801_Col_2701.tif,6
Kather_texture_2016_image_tiles_5000/08_EMPTY/13AB6_CRC-Prim-HE-06_005.tif_Row_4051_Col_8101.tif,7
Kather_texture_2016_image_tiles_5000/07_ADIPOSE/136CA_CRC-Prim-HE-03_012.tif_Row_3001_Col_1201.tif,6
Kather_texture_2016_image_tiles_5000/08_EMPTY/12128_CRC-Prim-HE-06_005.tif_Row_4051_Col_4801.tif,7
Kather_texture_2016_image_tiles_5000/08_EMPTY/14AA1_CRC-Prim-HE-06_005.tif_Row_5251_Col_2251.tif,7
Kather_texture_2016_image_tiles_5000/07_ADIPOSE/126FA_CRC-Prim-HE-05_032.tif_Row_1651_Col_4051.tif,6
Kather_texture_2016_image_tiles_5000/08_EMPTY/13F82_CRC-Prim-HE-06_005.tif_Row_751_Col_1201.tif,7
Kather_texture_2016_image_tiles_5000/07_ADIPOSE/15C40_CRC-Prim-HE-05_032.tif_Row_1951_Col_901.tif,6
Kather_texture_2016_image_tiles_5000/07_ADIPOSE/1526C_CRC-Prim-HE-06_004.tif_Row_2551_Col_301.tif,6
Kather_texture_2016_image_tiles_5000/08_EMPTY/11659_CRC-Prim-HE-06_005.tif_Row_4501_Col_5251.tif,7
Kather_texture_2016_image_tiles_5000/08_EMPTY/12AB_CRC-Prim-HE-06_005.tif_Row_2701_Col_4501.tif,7
Kather_texture_2016_image_tiles_5000/08_EMPTY/13F46_CRC-Prim-HE-06_005.tif_Row_151_Col_3151.tif,7
Kather_texture_2016_image_tiles_5000/07_ADIPOSE/11ADC_CRC-Prim-HE-05_032.tif_Row_1501_Col_4501.tif,6
Kather_texture_2016_image_tiles_5000/07_ADIPOSE/14F43_CRC-Prim-HE-07.tif_Row_301_Col_4201.tif,6
Kather_texture_2016_image_tiles_5000/08_EMPTY/10695_CRC-Prim-HE-06_005.tif_Row_3751_Col_4201.tif,7
Kather_texture_2016_image_tiles_5000/07_ADIPOSE/156F8_CRC-Prim-HE-10_020.tif_Row_751_Col_901.tif,6
Kather_texture_2016_image_tiles_5000/07_ADIPOSE/172F2_CRC-Prim-HE-03_012.tif_Row_3601_Col_901.tif,6
Kather_texture_2016_image_tiles_5000/08_EMPTY/12F90_CRC-Prim-HE-10_026.tif_Row_2101_Col_451.tif,7
Kather_texture_2016_image_tiles_5000/08_EMPTY/140B4_CRC-Prim-HE-06_005.tif_Row_4501_Col_7351.tif,7
Kather_texture_2016_image_tiles_5000/07_ADIPOSE/116AC_CRC-Prim-HE-05_032.tif_Row_451_Col_301.tif,6
Kather_texture_2016_image_tiles_5000/08_EMPTY/10FFD_CRC-Prim-HE-06_005.tif_Row_5101_Col_301.tif,7
Kather_texture_2016_image_tiles_5000/08_EMPTY/13932_CRC-Prim-HE-06_005.tif_Row_601_Col_7201.tif,7
Kather_texture_2016_image_tiles_5000/07_ADIPOSE/14B82_CRC-Prim-HE-06_004.tif_Row_2401_Col_2251.tif,6
Kather_texture_2016_image_tiles_5000/08_EMPTY/13D93_CRC-Prim-HE-06_005.tif_Row_5701_Col_2851.tif,7
Kather_texture_2016_image_tiles_5000/07_ADIPOSE/11F33_CRC-Prim-HE-03_012.tif_Row_151_Col_1.tif,6
Kather_texture_2016_image_tiles_5000/08_EMPTY/14333_CRC-Prim-HE-06_005.tif_Row_3001_Col_7951.tif,7
Kather_texture_2016_image_tiles_5000/07_ADIPOSE/167CE_CRC-Prim-HE-10_020.tif_Row_1_Col_1351.tif,6
Kather_texture_2016_image_tiles_5000/08_EMPTY/125C5_CRC-Prim-HE-06_005.tif_Row_2251_Col_7051.tif,7
Kather_texture_2016_image_tiles_5000/07_ADIPOSE/107DB_CRC-Prim-HE-06_004.tif_Row_301_Col_1651.tif,6
Kather_texture_2016_image_tiles_5000/08_EMPTY/158D5_CRC-Prim-HE-06_005.tif_Row_3901_Col_7351.tif,7
Kather_texture_2016_image_tiles_5000/08_EMPTY/10995_CRC-Prim-HE-06_005.tif_Row_4651_Col_2251.tif,7
Kather_texture_2016_image_tiles_5000/08_EMPTY/14AFA_CRC-Prim-HE-06_005.tif_Row_3151_Col_2101.tif,7
Kather_texture_2016_image_tiles_5000/07_ADIPOSE/15102_CRC-Prim-HE-06_004.tif_Row_2701_Col_2101.tif,6
Kather_texture_2016_image_tiles_5000/08_EMPTY/141B7_CRC-Prim-HE-06_005.tif_Row_1351_Col_3001.tif,7
Kather_texture_2016_image_tiles_5000/07_ADIPOSE/16279_CRC-Prim-HE-03_012.tif_Row_3451_Col_1951.tif,6
Kather_texture_2016_image_tiles_5000/08_EMPTY/101F4_CRC-Prim-HE-06_005.tif_Row_3151_Col_7201.tif,7
Kather_texture_2016_image_tiles_5000/08_EMPTY/152CB_CRC-Prim-HE-06_005.tif_Row_451_Col_3751.tif,7
Kather_texture_2016_image_tiles_5000/07_ADIPOSE/1019_CRC-Prim-HE-03_012.tif_Row_3451_Col_301.tif,6
Kather_texture_2016_image_tiles_5000/07_ADIPOSE/122DA_CRC-Prim-HE-05_032.tif_Row_151_Col_2251.tif,6
Kather_texture_2016_image_tiles_5000/07_ADIPOSE/1611C_CRC-Prim-HE-07.tif_Row_901_Col_1951.tif,6
Kather_texture_2016_image_tiles_5000/08_EMPTY/1377A_CRC-Prim-HE-06_005.tif_Row_2851_Col_2551.tif,7
Kather_texture_2016_image_tiles_5000/08_EMPTY/109D2_CRC-Prim-HE-06_005.tif_Row_5851_Col_2551.tif,7
Kather_texture_2016_image_tiles_5000/07_ADIPOSE/166A0_CRC-Prim-HE-03_012.tif_Row_901_Col_2551.tif,6
Kather_texture_2016_image_tiles_5000/07_ADIPOSE/10C47_CRC-Prim-HE-07.tif_Row_901_Col_4051.tif,6
Kather_texture_2016_image_tiles_5000/07_ADIPOSE/1312_CRC-Prim-HE-03_012.tif_Row_1501_Col_1201.tif,6
Kather_texture_2016_image_tiles_5000/07_ADIPOSE/12F8F_CRC-Prim-HE-06_004.tif_Row_1501_Col_301.tif,6
Kather_texture_2016_image_tiles_5000/08_EMPTY/100C2_CRC-Prim-HE-10_026.tif_Row_1651_Col_301.tif,7
Kather_texture_2016_image_tiles_5000/08_EMPTY/14E50_CRC-Prim-HE-06_005.tif_Row_751_Col_3151.tif,7
Kather_texture_2016_image_tiles_5000/07_ADIPOSE/10F7D_CRC-Prim-HE-03_012.tif_Row_3001_Col_2251.tif,6
Kather_texture_2016_image_tiles_5000/07_ADIPOSE/15D41_CRC-Prim-HE-10_020.tif_Row_301_Col_1.tif,6
Kather_texture_2016_image_tiles_5000/08_EMPTY/13E8_CRC-Prim-HE-06_005.tif_Row_451_Col_4351.tif,7
Kather_texture_2016_image_tiles_5000/07_ADIPOSE/14FBC_CRC-Prim-HE-07.tif_Row_151_Col_3001.tif,6
Kather_texture_2016_image_tiles_5000/08_EMPTY/10D6_CRC-Prim-HE-06_005.tif_Row_1_Col_6451.tif,7
Kather_texture_2016_image_tiles_5000/07_ADIPOSE/11951_CRC-Prim-HE-06_004.tif_Row_2101_Col_1201.tif,6
Kather_texture_2016_image_tiles_5000/07_ADIPOSE/1437_CRC-Prim-HE-10_020.tif_Row_601_Col_2401.tif,6
Kather_texture_2016_image_tiles_5000/08_EMPTY/14121_CRC-Prim-HE-06_005.tif_Row_2101_Col_7951.tif,7
Kather_texture_2016_image_tiles_5000/08_EMPTY/12AF2_CRC-Prim-HE-06_005.tif_Row_3601_Col_6001.tif,7
Kather_texture_2016_image_tiles_5000/08_EMPTY/132E_CRC-Prim-HE-06_005.tif_Row_151_Col_1651.tif,7
Kather_texture_2016_image_tiles_5000/08_EMPTY/10D0_CRC-Prim-HE-06_005.tif_Row_6451_Col_3601.tif,7
Kather_texture_2016_image_tiles_5000/07_ADIPOSE/15174_CRC-Prim-HE-06_004.tif_Row_2551_Col_1801.tif,6
Kather_texture_2016_image_tiles_5000/08_EMPTY/10C6_CRC-Prim-HE-10_026.tif_Row_3301_Col_601.tif,7
Kather_texture_2016_image_tiles_5000/08_EMPTY/11E22_CRC-Prim-HE-06_005.tif_Row_6451_Col_1201.tif,7
Kather_texture_2016_image_tiles_5000/07_ADIPOSE/10FA3_CRC-Prim-HE-05_032.tif_Row_1051_Col_1651.tif,6
Kather_texture_2016_image_tiles_5000/07_ADIPOSE/10F6C_CRC-Prim-HE-05_032.tif_Row_751_Col_2251.tif,6
Kather_texture_2016_image_tiles_5000/08_EMPTY/1366E_CRC-Prim-HE-06_005.tif_Row_5401_Col_2851.tif,7
Kather_texture_2016_image_tiles_5000/07_ADIPOSE/15D63_CRC-Prim-HE-03_012.tif_Row_4201_Col_451.tif,6
Kather_texture_2016_image_tiles_5000/08_EMPTY/15750_CRC-Prim-HE-06_005.tif_Row_1351_Col_1.tif,7
Kather_texture_2016_image_tiles_5000/08_EMPTY/10723_CRC-Prim-HE-06_005.tif_Row_3451_Col_1051.tif,7
Kather_texture_2016_image_tiles_5000/08_EMPTY/1411C_CRC-Prim-HE-06_005.tif_Row_5701_Col_4201.tif,7
Kather_texture_2016_image_tiles_5000/08_EMPTY/12BC6_CRC-Prim-HE-06_005.tif_Row_6001_Col_4501.tif,7
Kather_texture_2016_image_tiles_5000/08_EMPTY/13978_CRC-Prim-HE-06_005.tif_Row_1651_Col_4801.tif,7
Kather_texture_2016_image_tiles_5000/08_EMPTY/13A43_CRC-Prim-HE-06_005.tif_Row_1501_Col_1801.tif,7
Kather_texture_2016_image_tiles_5000/07_ADIPOSE/126EB_CRC-Prim-HE-06_004.tif_Row_1051_Col_901.tif,6
Kather_texture_2016_image_tiles_5000/07_ADIPOSE/1330F_CRC-Prim-HE-05_032.tif_Row_301_Col_2701.tif,6
Kather_texture_2016_image_tiles_5000/08_EMPTY/12450_CRC-Prim-HE-06_005.tif_Row_2401_Col_301.tif,7
Kather_texture_2016_image_tiles_5000/07_ADIPOSE/12FDA_CRC-Prim-HE-03_012.tif_Row_1201_Col_151.tif,6
Kather_texture_2016_image_tiles_5000/07_ADIPOSE/137B4_CRC-Prim-HE-06_004.tif_Row_1801_Col_601.tif,6
Kather_texture_2016_image_tiles_5000/08_EMPTY/10B47_CRC-Prim-HE-06_005.tif_Row_5401_Col_1201.tif,7
Kather_texture_2016_image_tiles_5000/08_EMPTY/123C5_CRC-Prim-HE-06_005.tif_Row_5401_Col_3901.tif,7
Kather_texture_2016_image_tiles_5000/08_EMPTY/13654_CRC-Prim-HE-06_005.tif_Row_3901_Col_5701.tif,7
Kather_texture_2016_image_tiles_5000/07_ADIPOSE/13FB2_CRC-Prim-HE-06_004.tif_Row_1651_Col_2701.tif,6
Kather_texture_2016_image_tiles_5000/07_ADIPOSE/14B6C_CRC-Prim-HE-10_020.tif_Row_601_Col_1201.tif,6
Kather_texture_2016_image_tiles_5000/07_ADIPOSE/1388E_CRC-Prim-HE-07.tif_Row_751_Col_3301.tif,6
Kather_texture_2016_image_tiles_5000/08_EMPTY/11A54_CRC-Prim-HE-06_005.tif_Row_3751_Col_3451.tif,7
Kather_texture_2016_image_tiles_5000/08_EMPTY/15174_CRC-Prim-HE-06_005.tif_Row_2101_Col_6151.tif,7
Kather_texture_2016_image_tiles_5000/08_EMPTY/1509E_CRC-Prim-HE-06_005.tif_Row_5101_Col_4501.tif,7
Kather_texture_2016_image_tiles_5000/07_ADIPOSE/152D5_CRC-Prim-HE-05_032.tif_Row_1501_Col_1.tif,6
Kather_texture_2016_image_tiles_5000/07_ADIPOSE/12936_CRC-Prim-HE-06_004.tif_Row_451_Col_301.tif,6
Kather_texture_2016_image_tiles_5000/08_EMPTY/14CEE_CRC-Prim-HE-06_005.tif_Row_751_Col_6001.tif,7
Kather_texture_2016_image_tiles_5000/08_EMPTY/12B65_CRC-Prim-HE-10_026.tif_Row_3751_Col_451.tif,7
Kather_texture_2016_image_tiles_5000/07_ADIPOSE/13640_CRC-Prim-HE-03_012.tif_Row_1951_Col_751.tif,6
Kather_texture_2016_image_tiles_5000/07_ADIPOSE/10BB4_CRC-Prim-HE-06_004.tif_Row_2101_Col_1051.tif,6
Kather_texture_2016_image_tiles_5000/08_EMPTY/1429C_CRC-Prim-HE-06_005.tif_Row_5401_Col_6451.tif,7
Kather_texture_2016_image_tiles_5000/07_ADIPOSE/10F59_CRC-Prim-HE-06_004.tif_Row_1051_Col_1351.tif,6
Kather_texture_2016_image_tiles_5000/07_ADIPOSE/13A37_CRC-Prim-HE-05_032.tif_Row_1651_Col_1501.tif,6
Kather_texture_2016_image_tiles_5000/08_EMPTY/1271B_CRC-Prim-HE-06_005.tif_Row_5401_Col_301.tif,7
Kather_texture_2016_image_tiles_5000/08_EMPTY/13956_CRC-Prim-HE-06_005.tif_Row_2701_Col_151.tif,7
Kather_texture_2016_image_tiles_5000/07_ADIPOSE/14F55_CRC-Prim-HE-05_032.tif_Row_1501_Col_1801.tif,6
Kather_texture_2016_image_tiles_5000/08_EMPTY/14FAE_CRC-Prim-HE-06_005.tif_Row_1051_Col_5851.tif,7
Kather_texture_2016_image_tiles_5000/07_ADIPOSE/11A08_CRC-Prim-HE-03_012.tif_Row_3901_Col_2851.tif,6
Kather_texture_2016_image_tiles_5000/07_ADIPOSE/12B87_CRC-Prim-HE-07.tif_Row_901_Col_2701.tif,6
Kather_texture_2016_image_tiles_5000/07_ADIPOSE/10D26_CRC-Prim-HE-07.tif_Row_301_Col_3751.tif,6
Kather_texture_2016_image_tiles_5000/07_ADIPOSE/116B3_CRC-Prim-HE-10_020.tif_Row_301_Col_1801.tif,6
Kather_texture_2016_image_tiles_5000/07_ADIPOSE/1312A_CRC-Prim-HE-07.tif_Row_1201_Col_2851.tif,6
Kather_texture_2016_image_tiles_5000/08_EMPTY/10D26_CRC-Prim-HE-06_005.tif_Row_601_Col_3751.tif,7
Kather_texture_2016_image_tiles_5000/08_EMPTY/13456_CRC-Prim-HE-06_005.tif_Row_4501_Col_1651.tif,7
Kather_texture_2016_image_tiles_5000/08_EMPTY/13013_CRC-Prim-HE-06_005.tif_Row_1951_Col_7201.tif,7
Kather_texture_2016_image_tiles_5000/07_ADIPOSE/146AC_CRC-Prim-HE-03_012.tif_Row_3151_Col_451.tif,6
Kather_texture_2016_image_tiles_5000/07_ADIPOSE/1649F_CRC-Prim-HE-03_012.tif_Row_2701_Col_1351.tif,6
Kather_texture_2016_image_tiles_5000/07_ADIPOSE/11922_CRC-Prim-HE-05_032.tif_Row_451_Col_4651.tif,6
Kather_texture_2016_image_tiles_5000/08_EMPTY/1319C_CRC-Prim-HE-06_005.tif_Row_5401_Col_6151.tif,7
Kather_texture_2016_image_tiles_5000/08_EMPTY/140BF_CRC-Prim-HE-06_005.tif_Row_6301_Col_2401.tif,7
Kather_texture_2016_image_tiles_5000/07_ADIPOSE/12AAC_CRC-Prim-HE-05_032.tif_Row_1501_Col_1501.tif,6
Kather_texture_2016_image_tiles_5000/07_ADIPOSE/12287_CRC-Prim-HE-04_036.tif_Row_1051_Col_1201.tif,6
Kather_texture_2016_image_tiles_5000/08_EMPTY/1066E_CRC-Prim-HE-06_005.tif_Row_301_Col_3001.tif,7
Kather_texture_2016_image_tiles_5000/08_EMPTY/1261E_CRC-Prim-HE-06_005.tif_Row_5551_Col_901.tif,7
Kather_texture_2016_image_tiles_5000/08_EMPTY/158D8_CRC-Prim-HE-06_005.tif_Row_6001_Col_3901.tif,7
Kather_texture_2016_image_tiles_5000/08_EMPTY/14DBD_CRC-Prim-HE-06_005.tif_Row_3151_Col_7651.tif,7
Kather_texture_2016_image_tiles_5000/07_ADIPOSE/15018_CRC-Prim-HE-06_004.tif_Row_2401_Col_2101.tif,6
Kather_texture_2016_image_tiles_5000/07_ADIPOSE/14DEA_CRC-Prim-HE-07.tif_Row_751_Col_2851.tif,6
Kather_texture_2016_image_tiles_5000/07_ADIPOSE/14CA8_CRC-Prim-HE-03_012.tif_Row_3301_Col_1351.tif,6
Kather_texture_2016_image_tiles_5000/08_EMPTY/141E7_CRC-Prim-HE-06_005.tif_Row_901_Col_2251.tif,7
Kather_texture_2016_image_tiles_5000/08_EMPTY/1540D_CRC-Prim-HE-06_005.tif_Row_3751_Col_7201.tif,7
Kather_texture_2016_image_tiles_5000/08_EMPTY/135B3_CRC-Prim-HE-06_005.tif_Row_1201_Col_1201.tif,7
Kather_texture_2016_image_tiles_5000/07_ADIPOSE/128EA_CRC-Prim-HE-07.tif_Row_1_Col_2251.tif,6
Kather_texture_2016_image_tiles_5000/07_ADIPOSE/120A1_CRC-Prim-HE-10_020.tif_Row_901_Col_2101.tif,6
Kather_texture_2016_image_tiles_5000/07_ADIPOSE/171A8_CRC-Prim-HE-06_004.tif_Row_2551_Col_1651.tif,6
Kather_texture_2016_image_tiles_5000/08_EMPTY/10337_CRC-Prim-HE-06_005.tif_Row_5101_Col_3151.tif,7
Kather_texture_2016_image_tiles_5000/08_EMPTY/10FB0_CRC-Prim-HE-06_005.tif_Row_4651_Col_7501.tif,7
Kather_texture_2016_image_tiles_5000/07_ADIPOSE/15770_CRC-Prim-HE-03_012.tif_Row_1801_Col_751.tif,6
Kather_texture_2016_image_tiles_5000/08_EMPTY/1405_CRC-Prim-HE-06_005.tif_Row_3601_Col_1951.tif,7
Kather_texture_2016_image_tiles_5000/08_EMPTY/112BC_CRC-Prim-HE-06_005.tif_Row_751_Col_6451.tif,7
Kather_texture_2016_image_tiles_5000/07_ADIPOSE/11B05_CRC-Prim-HE-06_004.tif_Row_301_Col_151.tif,6
Kather_texture_2016_image_tiles_5000/07_ADIPOSE/140F8_CRC-Prim-HE-03_012.tif_Row_3301_Col_1201.tif,6
Kather_texture_2016_image_tiles_5000/07_ADIPOSE/17453_CRC-Prim-HE-03_012.tif_Row_2251_Col_2251.tif,6
Kather_texture_2016_image_tiles_5000/07_ADIPOSE/10183_CRC-Prim-HE-07.tif_Row_1051_Col_2701.tif,6
Kather_texture_2016_image_tiles_5000/07_ADIPOSE/1591D_CRC-Prim-HE-06_004.tif_Row_601_Col_751.tif,6
Kather_texture_2016_image_tiles_5000/08_EMPTY/1074_CRC-Prim-HE-06_005.tif_Row_3151_Col_301.tif,7
Kather_texture_2016_image_tiles_5000/08_EMPTY/157A8_CRC-Prim-HE-06_005.tif_Row_1351_Col_5851.tif,7
Kather_texture_2016_image_tiles_5000/07_ADIPOSE/14D31_CRC-Prim-HE-03_012.tif_Row_1501_Col_601.tif,6
Kather_texture_2016_image_tiles_5000/07_ADIPOSE/13BB_CRC-Prim-HE-03_012.tif_Row_3601_Col_451.tif,6
Kather_texture_2016_image_tiles_5000/07_ADIPOSE/1157_CRC-Prim-HE-05_032.tif_Row_1051_Col_2701.tif,6
Kather_texture_2016_image_tiles_5000/08_EMPTY/13D06_CRC-Prim-HE-06_005.tif_Row_1051_Col_6601.tif,7
Kather_texture_2016_image_tiles_5000/08_EMPTY/11460_CRC-Prim-HE-06_005.tif_Row_3151_Col_5551.tif,7
Kather_texture_2016_image_tiles_5000/07_ADIPOSE/10725_CRC-Prim-HE-05_032.tif_Row_751_Col_1.tif,6
Kather_texture_2016_image_tiles_5000/08_EMPTY/13C8E_CRC-Prim-HE-06_005.tif_Row_4201_Col_2251.tif,7
Kather_texture_2016_image_tiles_5000/08_EMPTY/14FFD_CRC-Prim-HE-06_005.tif_Row_3001_Col_6151.tif,7
Kather_texture_2016_image_tiles_5000/07_ADIPOSE/14020_CRC-Prim-HE-03_012.tif_Row_1951_Col_2251.tif,6
Kather_texture_2016_image_tiles_5000/07_ADIPOSE/11E60_CRC-Prim-HE-07.tif_Row_901_Col_3901.tif,6
Kather_texture_2016_image_tiles_5000/07_ADIPOSE/134DD_CRC-Prim-HE-03_012.tif_Row_4051_Col_2701.tif,6
Kather_texture_2016_image_tiles_5000/08_EMPTY/151C5_CRC-Prim-HE-06_005.tif_Row_5701_Col_1201.tif,7
Kather_texture_2016_image_tiles_5000/07_ADIPOSE/15130_CRC-Prim-HE-07.tif_Row_1_Col_3451.tif,6
Kather_texture_2016_image_tiles_5000/07_ADIPOSE/11690_CRC-Prim-HE-05_032.tif_Row_1951_Col_1801.tif,6
Kather_texture_2016_image_tiles_5000/08_EMPTY/13DC3_CRC-Prim-HE-06_005.tif_Row_2701_Col_3301.tif,7
Kather_texture_2016_image_tiles_5000/07_ADIPOSE/16A63_CRC-Prim-HE-07.tif_Row_1201_Col_1.tif,6
Kather_texture_2016_image_tiles_5000/08_EMPTY/148D3_CRC-Prim-HE-06_005.tif_Row_1501_Col_4201.tif,7
Kather_texture_2016_image_tiles_5000/07_ADIPOSE/15FFE_CRC-Prim-HE-03_012.tif_Row_1_Col_601.tif,6
Kather_texture_2016_image_tiles_5000/07_ADIPOSE/12D27_CRC-Prim-HE-03_012.tif_Row_2851_Col_2101.tif,6
Kather_texture_2016_image_tiles_5000/07_ADIPOSE/10F52_CRC-Prim-HE-06_004.tif_Row_2251_Col_1351.tif,6
Kather_texture_2016_image_tiles_5000/07_ADIPOSE/10988_CRC-Prim-HE-10_020.tif_Row_301_Col_451.tif,6
Kather_texture_2016_image_tiles_5000/07_ADIPOSE/13D1_CRC-Prim-HE-07.tif_Row_751_Col_1801.tif,6
Kather_texture_2016_image_tiles_5000/08_EMPTY/123EE_CRC-Prim-HE-06_005.tif_Row_4201_Col_3151.tif,7
Kather_texture_2016_image_tiles_5000/07_ADIPOSE/16625_CRC-Prim-HE-03_012.tif_Row_3751_Col_751.tif,6
Kather_texture_2016_image_tiles_5000/07_ADIPOSE/11368_CRC-Prim-HE-03_012.tif_Row_151_Col_2551.tif,6
Kather_texture_2016_image_tiles_5000/08_EMPTY/111FD_CRC-Prim-HE-06_005.tif_Row_1051_Col_1201.tif,7
Kather_texture_2016_image_tiles_5000/08_EMPTY/135EC_CRC-Prim-HE-06_005.tif_Row_601_Col_6301.tif,7
Kather_texture_2016_image_tiles_5000/07_ADIPOSE/16394_CRC-Prim-HE-10_020.tif_Row_451_Col_751.tif,6
Kather_texture_2016_image_tiles_5000/08_EMPTY/13535_CRC-Prim-HE-06_005.tif_Row_3601_Col_7951.tif,7
Kather_texture_2016_image_tiles_5000/08_EMPTY/111BB_CRC-Prim-HE-06_005.tif_Row_3001_Col_6451.tif,7
Kather_texture_2016_image_tiles_5000/07_ADIPOSE/1076A_CRC-Prim-HE-06_004.tif_Row_2101_Col_1951.tif,6
Kather_texture_2016_image_tiles_5000/08_EMPTY/11F37_CRC-Prim-HE-06_005.tif_Row_2701_Col_4651.tif,7
Kather_texture_2016_image_tiles_5000/07_ADIPOSE/11744_CRC-Prim-HE-07.tif_Row_1_Col_3301.tif,6
Kather_texture_2016_image_tiles_5000/08_EMPTY/1160C_CRC-Prim-HE-06_005.tif_Row_6001_Col_4801.tif,7
Kather_texture_2016_image_tiles_5000/07_ADIPOSE/15B6D_CRC-Prim-HE-06_004.tif_Row_1801_Col_1.tif,6
Kather_texture_2016_image_tiles_5000/07_ADIPOSE/13DB6_CRC-Prim-HE-03_012.tif_Row_751_Col_1501.tif,6
Kather_texture_2016_image_tiles_5000/07_ADIPOSE/15793_CRC-Prim-HE-03_012.tif_Row_1351_Col_2401.tif,6
Kather_texture_2016_image_tiles_5000/08_EMPTY/13423_CRC-Prim-HE-06_005.tif_Row_3901_Col_1.tif,7
Kather_texture_2016_image_tiles_5000/07_ADIPOSE/16A75_CRC-Prim-HE-07.tif_Row_451_Col_2851.tif,6
Kather_texture_2016_image_tiles_5000/07_ADIPOSE/1213B_CRC-Prim-HE-04_036.tif_Row_751_Col_301.tif,6
Kather_texture_2016_image_tiles_5000/07_ADIPOSE/1094A_CRC-Prim-HE-05_032.tif_Row_301_Col_2851.tif,6
Kather_texture_2016_image_tiles_5000/07_ADIPOSE/166AF_CRC-Prim-HE-10_020.tif_Row_1051_Col_1651.tif,6
Kather_texture_2016_image_tiles_5000/07_ADIPOSE/1079F_CRC-Prim-HE-03_012.tif_Row_2701_Col_2851.tif,6
Kather_texture_2016_image_tiles_5000/07_ADIPOSE/163E5_CRC-Prim-HE-06_004.tif_Row_1801_Col_451.tif,6
Kather_texture_2016_image_tiles_5000/08_EMPTY/10769_CRC-Prim-HE-06_005.tif_Row_4501_Col_3451.tif,7
Kather_texture_2016_image_tiles_5000/07_ADIPOSE/15DE3_CRC-Prim-HE-06_004.tif_Row_1651_Col_2551.tif,6
Kather_texture_2016_image_tiles_5000/07_ADIPOSE/11EB6_CRC-Prim-HE-05_032.tif_Row_901_Col_151.tif,6
Kather_texture_2016_image_tiles_5000/08_EMPTY/135C6_CRC-Prim-HE-06_005.tif_Row_3601_Col_3751.tif,7
Kather_texture_2016_image_tiles_5000/07_ADIPOSE/14C83_CRC-Prim-HE-03_012.tif_Row_2551_Col_2851.tif,6
Kather_texture_2016_image_tiles_5000/08_EMPTY/14869_CRC-Prim-HE-06_005.tif_Row_1_Col_3451.tif,7
Kather_texture_2016_image_tiles_5000/07_ADIPOSE/10070_CRC-Prim-HE-04_036.tif_Row_601_Col_601.tif,6
Kather_texture_2016_image_tiles_5000/08_EMPTY/10251_CRC-Prim-HE-06_005.tif_Row_4201_Col_3451.tif,7
Kather_texture_2016_image_tiles_5000/07_ADIPOSE/16107_CRC-Prim-HE-05_032.tif_Row_1201_Col_2701.tif,6
Kather_texture_2016_image_tiles_5000/08_EMPTY/12443_CRC-Prim-HE-06_005.tif_Row_3001_Col_1351.tif,7
Kather_texture_2016_image_tiles_5000/08_EMPTY/1271C_CRC-Prim-HE-06_005.tif_Row_1351_Col_8101.tif,7
Kather_texture_2016_image_tiles_5000/08_EMPTY/13080_CRC-Prim-HE-06_005.tif_Row_5401_Col_1951.tif,7
Kather_texture_2016_image_tiles_5000/08_EMPTY/106FE_CRC-Prim-HE-06_005.tif_Row_5851_Col_7351.tif,7
Kather_texture_2016_image_tiles_5000/07_ADIPOSE/16932_CRC-Prim-HE-10_020.tif_Row_901_Col_451.tif,6
Kather_texture_2016_image_tiles_5000/08_EMPTY/13B7F_CRC-Prim-HE-06_005.tif_Row_5401_Col_1501.tif,7
Kather_texture_2016_image_tiles_5000/07_ADIPOSE/121F7_CRC-Prim-HE-05_032.tif_Row_1351_Col_601.tif,6
Kather_texture_2016_image_tiles_5000/08_EMPTY/14714_CRC-Prim-HE-06_005.tif_Row_3601_Col_6301.tif,7
Kather_texture_2016_image_tiles_5000/07_ADIPOSE/1029D_CRC-Prim-HE-06_004.tif_Row_451_Col_1651.tif,6
Kather_texture_2016_image_tiles_5000/08_EMPTY/104E8_CRC-Prim-HE-06_005.tif_Row_3601_Col_751.tif,7
Kather_texture_2016_image_tiles_5000/07_ADIPOSE/147BB_CRC-Prim-HE-05_032.tif_Row_1_Col_1951.tif,6
Kather_texture_2016_image_tiles_5000/08_EMPTY/102D5_CRC-Prim-HE-06_005.tif_Row_6151_Col_5101.tif,7
Kather_texture_2016_image_tiles_5000/08_EMPTY/1213C_CRC-Prim-HE-06_005.tif_Row_901_Col_2101.tif,7
Kather_texture_2016_image_tiles_5000/07_ADIPOSE/15E1B_CRC-Prim-HE-06_004.tif_Row_901_Col_2401.tif,6
Kather_texture_2016_image_tiles_5000/07_ADIPOSE/11219_CRC-Prim-HE-07.tif_Row_601_Col_3901.tif,6
Kather_texture_2016_image_tiles_5000/07_ADIPOSE/137A2_CRC-Prim-HE-04_036.tif_Row_151_Col_1501.tif,6
Kather_texture_2016_image_tiles_5000/07_ADIPOSE/12EC4_CRC-Prim-HE-07.tif_Row_1051_Col_4501.tif,6
Kather_texture_2016_image_tiles_5000/08_EMPTY/1525B_CRC-Prim-HE-06_005.tif_Row_3151_Col_4951.tif,7
Kather_texture_2016_image_tiles_5000/07_ADIPOSE/15493_CRC-Prim-HE-05_032.tif_Row_151_Col_451.tif,6
Kather_texture_2016_image_tiles_5000/08_EMPTY/11DF7_CRC-Prim-HE-06_005.tif_Row_6151_Col_2551.tif,7
Kather_texture_2016_image_tiles_5000/08_EMPTY/15827_CRC-Prim-HE-06_005.tif_Row_6001_Col_6451.tif,7
Kather_texture_2016_image_tiles_5000/07_ADIPOSE/12DBD_CRC-Prim-HE-03_012.tif_Row_1_Col_151.tif,6
Kather_texture_2016_image_tiles_5000/08_EMPTY/106B9_CRC-Prim-HE-06_005.tif_Row_4201_Col_3751.tif,7
Kather_texture_2016_image_tiles_5000/07_ADIPOSE/16528_CRC-Prim-HE-03_012.tif_Row_601_Col_1501.tif,6
Kather_texture_2016_image_tiles_5000/07_ADIPOSE/154D3_CRC-Prim-HE-03_012.tif_Row_1_Col_2551.tif,6
Kather_texture_2016_image_tiles_5000/07_ADIPOSE/13AF7_CRC-Prim-HE-10_020.tif_Row_601_Col_1651.tif,6
Kather_texture_2016_image_tiles_5000/07_ADIPOSE/17256_CRC-Prim-HE-07.tif_Row_151_Col_1951.tif,6
Kather_texture_2016_image_tiles_5000/07_ADIPOSE/14930_CRC-Prim-HE-06_004.tif_Row_151_Col_601.tif,6
Kather_texture_2016_image_tiles_5000/08_EMPTY/11226_CRC-Prim-HE-06_005.tif_Row_1801_Col_5551.tif,7
Kather_texture_2016_image_tiles_5000/08_EMPTY/15290_CRC-Prim-HE-06_005.tif_Row_1801_Col_7501.tif,7
Kather_texture_2016_image_tiles_5000/08_EMPTY/10363_CRC-Prim-HE-06_005.tif_Row_4951_Col_1651.tif,7
Kather_texture_2016_image_tiles_5000/08_EMPTY/1101C_CRC-Prim-HE-10_026.tif_Row_2401_Col_1.tif,7
Kather_texture_2016_image_tiles_5000/08_EMPTY/15146_CRC-Prim-HE-06_005.tif_Row_2551_Col_1951.tif,7
Kather_texture_2016_image_tiles_5000/07_ADIPOSE/12D28_CRC-Prim-HE-05_032.tif_Row_1651_Col_3301.tif,6
Kather_texture_2016_image_tiles_5000/07_ADIPOSE/15C0C_CRC-Prim-HE-10_020.tif_Row_301_Col_151.tif,6
Kather_texture_2016_image_tiles_5000/07_ADIPOSE/12DB5_CRC-Prim-HE-06_004.tif_Row_1951_Col_2401.tif,6
Kather_texture_2016_image_tiles_5000/08_EMPTY/1029E_CRC-Prim-HE-06_005.tif_Row_3901_Col_7951.tif,7
Kather_texture_2016_image_tiles_5000/08_EMPTY/11987_CRC-Prim-HE-06_005.tif_Row_301_Col_751.tif,7
Kather_texture_2016_image_tiles_5000/07_ADIPOSE/160A_CRC-Prim-HE-05_032.tif_Row_751_Col_901.tif,6
Kather_texture_2016_image_tiles_5000/07_ADIPOSE/1336E_CRC-Prim-HE-05_032.tif_Row_1201_Col_2401.tif,6
Kather_texture_2016_image_tiles_5000/07_ADIPOSE/1026D_CRC-Prim-HE-06_004.tif_Row_1051_Col_301.tif,6
Kather_texture_2016_image_tiles_5000/08_EMPTY/12B6C_CRC-Prim-HE-06_005.tif_Row_3001_Col_4801.tif,7
Kather_texture_2016_image_tiles_5000/07_ADIPOSE/14354_CRC-Prim-HE-07.tif_Row_601_Col_4501.tif,6
Kather_texture_2016_image_tiles_5000/07_ADIPOSE/161CC_CRC-Prim-HE-03_012.tif_Row_2251_Col_1801.tif,6
Kather_texture_2016_image_tiles_5000/08_EMPTY/135CF_CRC-Prim-HE-06_005.tif_Row_4051_Col_1.tif,7
Kather_texture_2016_image_tiles_5000/07_ADIPOSE/16AA4_CRC-Prim-HE-03_012.tif_Row_3901_Col_1351.tif,6
Kather_texture_2016_image_tiles_5000/08_EMPTY/1461C_CRC-Prim-HE-06_005.tif_Row_2401_Col_3601.tif,7
Kather_texture_2016_image_tiles_5000/07_ADIPOSE/16711_CRC-Prim-HE-07.tif_Row_1051_Col_3901.tif,6
Kather_texture_2016_image_tiles_5000/08_EMPTY/13C4_CRC-Prim-HE-06_005.tif_Row_901_Col_601.tif,7
Kather_texture_2016_image_tiles_5000/07_ADIPOSE/136F7_CRC-Prim-HE-03_012.tif_Row_151_Col_2701.tif,6
Kather_texture_2016_image_tiles_5000/08_EMPTY/1051D_CRC-Prim-HE-06_005.tif_Row_2551_Col_5701.tif,7
Kather_texture_2016_image_tiles_5000/08_EMPTY/13139_CRC-Prim-HE-06_005.tif_Row_301_Col_6151.tif,7
Kather_texture_2016_image_tiles_5000/07_ADIPOSE/167BB_CRC-Prim-HE-05_032.tif_Row_1351_Col_1651.tif,6
Kather_texture_2016_image_tiles_5000/07_ADIPOSE/12B8B_CRC-Prim-HE-06_004.tif_Row_151_Col_2251.tif,6
Kather_texture_2016_image_tiles_5000/08_EMPTY/14AA_CRC-Prim-HE-06_005.tif_Row_1051_Col_3451.tif,7
Kather_texture_2016_image_tiles_5000/08_EMPTY/112C1_CRC-Prim-HE-10_026.tif_Row_4951_Col_601.tif,7
Kather_texture_2016_image_tiles_5000/07_ADIPOSE/1455D_CRC-Prim-HE-03_012.tif_Row_2251_Col_1651.tif,6
Kather_texture_2016_image_tiles_5000/07_ADIPOSE/16E6A_CRC-Prim-HE-06_004.tif_Row_1501_Col_1051.tif,6
Kather_texture_2016_image_tiles_5000/08_EMPTY/10AD3_CRC-Prim-HE-06_005.tif_Row_1801_Col_7051.tif,7
Kather_texture_2016_image_tiles_5000/08_EMPTY/11A3D_CRC-Prim-HE-06_005.tif_Row_3901_Col_6601.tif,7
Kather_texture_2016_image_tiles_5000/08_EMPTY/12E8C_CRC-Prim-HE-06_005.tif_Row_4951_Col_5401.tif,7
Kather_texture_2016_image_tiles_5000/08_EMPTY/15561_CRC-Prim-HE-06_005.tif_Row_1_Col_1.tif,7
Kather_texture_2016_image_tiles_5000/08_EMPTY/1228B_CRC-Prim-HE-06_005.tif_Row_4951_Col_6601.tif,7
Kather_texture_2016_image_tiles_5000/08_EMPTY/143CD_CRC-Prim-HE-06_005.tif_Row_5851_Col_1.tif,7
Kather_texture_2016_image_tiles_5000/07_ADIPOSE/1236E_CRC-Prim-HE-05_032.tif_Row_1651_Col_1951.tif,6
Kather_texture_2016_image_tiles_5000/07_ADIPOSE/14E6_CRC-Prim-HE-07.tif_Row_1051_Col_1501.tif,6
Kather_texture_2016_image_tiles_5000/07_ADIPOSE/1289A_CRC-Prim-HE-03_012.tif_Row_2851_Col_901.tif,6
Kather_texture_2016_image_tiles_5000/08_EMPTY/14800_CRC-Prim-HE-06_005.tif_Row_2251_Col_1201.tif,7
Kather_texture_2016_image_tiles_5000/07_ADIPOSE/13366_CRC-Prim-HE-05_032.tif_Row_1951_Col_601.tif,6
Kather_texture_2016_image_tiles_5000/07_ADIPOSE/17169_CRC-Prim-HE-03_012.tif_Row_2251_Col_2101.tif,6
Kather_texture_2016_image_tiles_5000/07_ADIPOSE/1488E_CRC-Prim-HE-06_004.tif_Row_301_Col_901.tif,6
Kather_texture_2016_image_tiles_5000/08_EMPTY/108B1_CRC-Prim-HE-10_026.tif_Row_3301_Col_451.tif,7
Kather_texture_2016_image_tiles_5000/08_EMPTY/139C1_CRC-Prim-HE-06_005.tif_Row_1951_Col_451.tif,7
Kather_texture_2016_image_tiles_5000/08_EMPTY/1576E_CRC-Prim-HE-06_005.tif_Row_151_Col_301.tif,7
Kather_texture_2016_image_tiles_5000/08_EMPTY/101D0_CRC-Prim-HE-06_005.tif_Row_1351_Col_6451.tif,7
Kather_texture_2016_image_tiles_5000/07_ADIPOSE/1192A_CRC-Prim-HE-06_004.tif_Row_2701_Col_2551.tif,6
Kather_texture_2016_image_tiles_5000/08_EMPTY/10F19_CRC-Prim-HE-06_005.tif_Row_1201_Col_7651.tif,7
Kather_texture_2016_image_tiles_5000/08_EMPTY/13790_CRC-Prim-HE-06_005.tif_Row_2551_Col_5101.tif,7
Kather_texture_2016_image_tiles_5000/07_ADIPOSE/123D7_CRC-Prim-HE-05_032.tif_Row_1501_Col_1051.tif,6
Kather_texture_2016_image_tiles_5000/07_ADIPOSE/1485B_CRC-Prim-HE-04_036.tif_Row_451_Col_1201.tif,6
Kather_texture_2016_image_tiles_5000/08_EMPTY/112A7_CRC-Prim-HE-06_005.tif_Row_5101_Col_6151.tif,7
Kather_texture_2016_image_tiles_5000/08_EMPTY/157D8_CRC-Prim-HE-06_005.tif_Row_601_Col_7351.tif,7
Kather_texture_2016_image_tiles_5000/08_EMPTY/1504_CRC-Prim-HE-06_005.tif_Row_5401_Col_451.tif,7
Kather_texture_2016_image_tiles_5000/08_EMPTY/13256_CRC-Prim-HE-06_005.tif_Row_4801_Col_4051.tif,7
Kather_texture_2016_image_tiles_5000/07_ADIPOSE/1326F_CRC-Prim-HE-04_036.tif_Row_451_Col_1051.tif,6
Kather_texture_2016_image_tiles_5000/07_ADIPOSE/10137_CRC-Prim-HE-05_032.tif_Row_1351_Col_3151.tif,6
Kather_texture_2016_image_tiles_5000/07_ADIPOSE/11901_CRC-Prim-HE-07.tif_Row_1_Col_1351.tif,6
Kather_texture_2016_image_tiles_5000/07_ADIPOSE/16074_CRC-Prim-HE-03_012.tif_Row_2401_Col_1801.tif,6
Kather_texture_2016_image_tiles_5000/07_ADIPOSE/129F6_CRC-Prim-HE-07.tif_Row_751_Col_3751.tif,6
Kather_texture_2016_image_tiles_5000/08_EMPTY/12204_CRC-Prim-HE-06_005.tif_Row_1351_Col_751.tif,7
Kather_texture_2016_image_tiles_5000/08_EMPTY/119A5_CRC-Prim-HE-06_005.tif_Row_1501_Col_2101.tif,7
Kather_texture_2016_image_tiles_5000/07_ADIPOSE/144BB_CRC-Prim-HE-04_036.tif_Row_1051_Col_1351.tif,6
Kather_texture_2016_image_tiles_5000/07_ADIPOSE/1199B_CRC-Prim-HE-07.tif_Row_751_Col_2701.tif,6
Kather_texture_2016_image_tiles_5000/07_ADIPOSE/128CB_CRC-Prim-HE-06_004.tif_Row_151_Col_1201.tif,6
Kather_texture_2016_image_tiles_5000/08_EMPTY/113EE_CRC-Prim-HE-06_005.tif_Row_4201_Col_4501.tif,7
Kather_texture_2016_image_tiles_5000/07_ADIPOSE/14F69_CRC-Prim-HE-03_012.tif_Row_1951_Col_2401.tif,6
Kather_texture_2016_image_tiles_5000/08_EMPTY/12227_CRC-Prim-HE-06_005.tif_Row_5101_Col_5401.tif,7
Kather_texture_2016_image_tiles_5000/07_ADIPOSE/149D9_CRC-Prim-HE-06_004.tif_Row_451_Col_2401.tif,6
Kather_texture_2016_image_tiles_5000/07_ADIPOSE/1748A_CRC-Prim-HE-03_012.tif_Row_301_Col_451.tif,6
Kather_texture_2016_image_tiles_5000/08_EMPTY/108CF_CRC-Prim-HE-06_005.tif_Row_4201_Col_3601.tif,7
Kather_texture_2016_image_tiles_5000/08_EMPTY/10D52_CRC-Prim-HE-06_005.tif_Row_5701_Col_2551.tif,7
Kather_texture_2016_image_tiles_5000/07_ADIPOSE/16D75_CRC-Prim-HE-07.tif_Row_1051_Col_3451.tif,6
Kather_texture_2016_image_tiles_5000/07_ADIPOSE/131EA_CRC-Prim-HE-10_020.tif_Row_451_Col_601.tif,6
Kather_texture_2016_image_tiles_5000/07_ADIPOSE/141_CRC-Prim-HE-06_004.tif_Row_2251_Col_2101.tif,6
Kather_texture_2016_image_tiles_5000/07_ADIPOSE/136CD_CRC-Prim-HE-06_004.tif_Row_1051_Col_751.tif,6
Kather_texture_2016_image_tiles_5000/07_ADIPOSE/16390_CRC-Prim-HE-06_004.tif_Row_1351_Col_2701.tif,6
Kather_texture_2016_image_tiles_5000/08_EMPTY/10CE_CRC-Prim-HE-06_005.tif_Row_3451_Col_3301.tif,7
Kather_texture_2016_image_tiles_5000/07_ADIPOSE/173F8_CRC-Prim-HE-07.tif_Row_1051_Col_751.tif,6
Kather_texture_2016_image_tiles_5000/08_EMPTY/11508_CRC-Prim-HE-06_005.tif_Row_901_Col_1801.tif,7
Kather_texture_2016_image_tiles_5000/08_EMPTY/13603_CRC-Prim-HE-06_005.tif_Row_3301_Col_2701.tif,7
Kather_texture_2016_image_tiles_5000/07_ADIPOSE/12851_CRC-Prim-HE-05_032.tif_Row_1801_Col_3901.tif,6
Kather_texture_2016_image_tiles_5000/07_ADIPOSE/10828_CRC-Prim-HE-05_032.tif_Row_151_Col_1651.tif,6
Kather_texture_2016_image_tiles_5000/07_ADIPOSE/16C4D_CRC-Prim-HE-06_004.tif_Row_1801_Col_2551.tif,6
Kather_texture_2016_image_tiles_5000/08_EMPTY/13DC5_CRC-Prim-HE-06_005.tif_Row_4651_Col_2101.tif,7
Kather_texture_2016_image_tiles_5000/08_EMPTY/110DC_CRC-Prim-HE-06_005.tif_Row_2551_Col_2251.tif,7
Kather_texture_2016_image_tiles_5000/08_EMPTY/14DAD_CRC-Prim-HE-06_005.tif_Row_3001_Col_1651.tif,7
Kather_texture_2016_image_tiles_5000/07_ADIPOSE/11070_CRC-Prim-HE-06_004.tif_Row_1201_Col_1051.tif,6
Kather_texture_2016_image_tiles_5000/07_ADIPOSE/117D8_CRC-Prim-HE-07.tif_Row_1051_Col_3751.tif,6
Kather_texture_2016_image_tiles_5000/07_ADIPOSE/15ED6_CRC-Prim-HE-05_032.tif_Row_601_Col_4951.tif,6
Kather_texture_2016_image_tiles_5000/07_ADIPOSE/11399_CRC-Prim-HE-06_004.tif_Row_301_Col_2551.tif,6
Kather_texture_2016_image_tiles_5000/07_ADIPOSE/161D5_CRC-Prim-HE-06_004.tif_Row_1201_Col_751.tif,6
Kather_texture_2016_image_tiles_5000/07_ADIPOSE/1560A_CRC-Prim-HE-03_012.tif_Row_1351_Col_2551.tif,6
Kather_texture_2016_image_tiles_5000/07_ADIPOSE/16B24_CRC-Prim-HE-05_032.tif_Row_1_Col_1651.tif,6
Kather_texture_2016_image_tiles_5000/07_ADIPOSE/12BD2_CRC-Prim-HE-10_020.tif_Row_1051_Col_1051.tif,6
Kather_texture_2016_image_tiles_5000/07_ADIPOSE/13D38_CRC-Prim-HE-04_036.tif_Row_301_Col_1201.tif,6
Kather_texture_2016_image_tiles_5000/07_ADIPOSE/13E1E_CRC-Prim-HE-03_012.tif_Row_1501_Col_1051.tif,6
Kather_texture_2016_image_tiles_5000/07_ADIPOSE/1301C_CRC-Prim-HE-05_032.tif_Row_1201_Col_901.tif,6
Kather_texture_2016_image_tiles_5000/07_ADIPOSE/1730C_CRC-Prim-HE-05_032.tif_Row_301_Col_1.tif,6
Kather_texture_2016_image_tiles_5000/08_EMPTY/14D5A_CRC-Prim-HE-06_005.tif_Row_4351_Col_5401.tif,7
Kather_texture_2016_image_tiles_5000/07_ADIPOSE/15FCD_CRC-Prim-HE-03_012.tif_Row_3001_Col_2851.tif,6
Kather_texture_2016_image_tiles_5000/07_ADIPOSE/1426_CRC-Prim-HE-03_012.tif_Row_2701_Col_151.tif,6
Kather_texture_2016_image_tiles_5000/08_EMPTY/10AE3_CRC-Prim-HE-06_005.tif_Row_1051_Col_301.tif,7
Kather_texture_2016_image_tiles_5000/07_ADIPOSE/1106F_CRC-Prim-HE-05_032.tif_Row_1351_Col_301.tif,6
Kather_texture_2016_image_tiles_5000/08_EMPTY/104A9_CRC-Prim-HE-06_005.tif_Row_3601_Col_5851.tif,7
Kather_texture_2016_image_tiles_5000/07_ADIPOSE/16CE8_CRC-Prim-HE-03_012.tif_Row_1801_Col_901.tif,6
Kather_texture_2016_image_tiles_5000/08_EMPTY/1310F_CRC-Prim-HE-06_005.tif_Row_3601_Col_6901.tif,7
Kather_texture_2016_image_tiles_5000/08_EMPTY/124E3_CRC-Prim-HE-06_005.tif_Row_3601_Col_4801.tif,7
Kather_texture_2016_image_tiles_5000/08_EMPTY/14358_CRC-Prim-HE-06_005.tif_Row_4201_Col_601.tif,7
Kather_texture_2016_image_tiles_5000/08_EMPTY/13BA4_CRC-Prim-HE-06_005.tif_Row_6001_Col_5551.tif,7
Kather_texture_2016_image_tiles_5000/08_EMPTY/129FD_CRC-Prim-HE-06_005.tif_Row_6001_Col_1201.tif,7
Kather_texture_2016_image_tiles_5000/08_EMPTY/140CF_CRC-Prim-HE-06_005.tif_Row_6151_Col_3451.tif,7
Kather_texture_2016_image_tiles_5000/08_EMPTY/12CA7_CRC-Prim-HE-10_026.tif_Row_1801_Col_1.tif,7
Kather_texture_2016_image_tiles_5000/07_ADIPOSE/16EE8_CRC-Prim-HE-05_032.tif_Row_1951_Col_4051.tif,6
Kather_texture_2016_image_tiles_5000/08_EMPTY/10F03_CRC-Prim-HE-10_026.tif_Row_2701_Col_601.tif,7
Kather_texture_2016_image_tiles_5000/07_ADIPOSE/11BCB_CRC-Prim-HE-05_032.tif_Row_1201_Col_1801.tif,6
Kather_texture_2016_image_tiles_5000/07_ADIPOSE/14361_CRC-Prim-HE-06_004.tif_Row_2851_Col_1651.tif,6
